<?xml version="1.0" encoding="UTF-8"?><rss version="2.0"
	xmlns:content="http://purl.org/rss/1.0/modules/content/"
	xmlns:dc="http://purl.org/dc/elements/1.1/"
	xmlns:atom="http://www.w3.org/2005/Atom"
	xmlns:sy="http://purl.org/rss/1.0/modules/syndication/"
	
	xmlns:georss="http://www.georss.org/georss"
	xmlns:geo="http://www.w3.org/2003/01/geo/wgs84_pos#"
	
	>
<channel>
	<title>
	Các phản hồi luận về: Tóc Tiên gợi cảm với set hàng hiệu, Thuỳ Tiên đầm trắng sexy	</title>
	<atom:link href="httphttps://github.com/Trangmamy/WPress.github.io.git/toc-tien-goi-cam-voi-set-hang-hieu-thuy-tien-dam-trang-sexy/feed/" rel="self" type="application/rss+xml" />
	<link>httphttps://github.com/Trangmamy/WPress.github.io.git/toc-tien-goi-cam-voi-set-hang-hieu-thuy-tien-dam-trang-sexy/</link>
	<description>Cập nhật tin tức mới nhất hằng ngày</description>
	<lastBuildDate>Mon, 28 Aug 2023 06:27:17 +0000</lastBuildDate>
	<sy:updatePeriod>
	hourly	</sy:updatePeriod>
	<sy:updateFrequency>
	1	</sy:updateFrequency>
	<generator>https://wordpress.org/?v=6.3.1</generator>
	<item>
		<title>
		Bởi: nguyentrang		</title>
		<link>httphttps://github.com/Trangmamy/WPress.github.io.git/toc-tien-goi-cam-voi-set-hang-hieu-thuy-tien-dam-trang-sexy/#comment-2</link>

		<dc:creator><![CDATA[nguyentrang]]></dc:creator>
		<pubDate>Mon, 28 Aug 2023 06:27:17 +0000</pubDate>
		<guid isPermaLink="false">httphttps://github.com/Trangmamy/WPress.github.io.git/?p=53#comment-2</guid>

					<description><![CDATA[amazing good job]]></description>
			<content:encoded><![CDATA[<p>amazing good job</p>
]]></content:encoded>
		
			</item>
	</channel>
</rss>
