<?xml version="1.0" encoding="UTF-8"?><rss version="2.0"
	xmlns:content="http://purl.org/rss/1.0/modules/content/"
	xmlns:wfw="http://wellformedweb.org/CommentAPI/"
	xmlns:dc="http://purl.org/dc/elements/1.1/"
	xmlns:atom="http://www.w3.org/2005/Atom"
	xmlns:sy="http://purl.org/rss/1.0/modules/syndication/"
	xmlns:slash="http://purl.org/rss/1.0/modules/slash/"
	
	xmlns:georss="http://www.georss.org/georss"
	xmlns:geo="http://www.w3.org/2003/01/geo/wgs84_pos#"
	>

<channel>
	<title>Lưu trữ Công nghệ - Cửa hàng điện tử</title>
	<atom:link href="httphttps://github.com/Trangmamy/WPress.github.io.git/category/cong-nghe/feed/" rel="self" type="application/rss+xml" />
	<link>httphttps://github.com/Trangmamy/WPress.github.io.git/category/cong-nghe/</link>
	<description>Cập nhật tin tức mới nhất hằng ngày</description>
	<lastBuildDate>Tue, 22 Aug 2023 06:37:59 +0000</lastBuildDate>
	<language>vi</language>
	<sy:updatePeriod>
	hourly	</sy:updatePeriod>
	<sy:updateFrequency>
	1	</sy:updateFrequency>
	<generator>https://wordpress.org/?v=6.3.1</generator>

<image>
	<url>httphttps://github.com/Trangmamy/WPress.github.io.git/wp-content/uploads/2023/08/Dark-Blue-Red-White-Generic-News-General-News-Logo.png</url>
	<title>Lưu trữ Công nghệ - Cửa hàng điện tử</title>
	<link>httphttps://github.com/Trangmamy/WPress.github.io.git/category/cong-nghe/</link>
	<width>32</width>
	<height>32</height>
</image> 
	<item>
		<title>Hy Lạp huấn luyện phi công Ukraine lái F-16, Nga chặn UAV tấn công Crưm</title>
		<link>httphttps://github.com/Trangmamy/WPress.github.io.git/hy-lap-huan-luyen-phi-cong-ukraine-lai-f-16-nga-chan-uav-tan-cong-crum/</link>
					<comments>httphttps://github.com/Trangmamy/WPress.github.io.git/hy-lap-huan-luyen-phi-cong-ukraine-lai-f-16-nga-chan-uav-tan-cong-crum/#respond</comments>
		
		<dc:creator><![CDATA[nguyentrang]]></dc:creator>
		<pubDate>Tue, 22 Aug 2023 06:37:59 +0000</pubDate>
				<category><![CDATA[Công nghệ]]></category>
		<guid isPermaLink="false">httphttps://github.com/Trangmamy/WPress.github.io.git/?p=50</guid>

					<description><![CDATA[<p>Tổng thống Volodymyr Zelensky cho biết, Hy Lạp sẽ tham gia huấn luyện lực lượng không quân Ukraine vận hành các máy bay chiến đấu <a class="mh-excerpt-more" href="httphttps://github.com/Trangmamy/WPress.github.io.git/hy-lap-huan-luyen-phi-cong-ukraine-lai-f-16-nga-chan-uav-tan-cong-crum/" title="Hy Lạp huấn luyện phi công Ukraine lái F-16, Nga chặn UAV tấn công Crưm">[...]</a></p>
<p>Bài viết <a rel="nofollow" href="httphttps://github.com/Trangmamy/WPress.github.io.git/hy-lap-huan-luyen-phi-cong-ukraine-lai-f-16-nga-chan-uav-tan-cong-crum/">Hy Lạp huấn luyện phi công Ukraine lái F-16, Nga chặn UAV tấn công Crưm</a> đã xuất hiện đầu tiên vào ngày <a rel="nofollow" href="httphttps://github.com/Trangmamy/WPress.github.io.git">Cửa hàng điện tử </a>.</p>
]]></description>
										<content:encoded><![CDATA[<h2 class="content-detail-sapo sm-sapo-mb-0">Tổng thống Volodymyr Zelensky cho biết, Hy Lạp sẽ tham gia huấn luyện lực lượng không quân Ukraine vận hành các máy bay chiến đấu F-16 do Đan Mạch và Hà Lan tặng.</h2>
<div id="maincontent" class="maincontent main-content">
<figure class="image vnn-content-image"><img decoding="async" src="https://static-images.vnncdn.net/files/publish/2023/8/22/chien-co-f-16-65.jpg" data-id="00RITU" data-thumb-src="https://static-images.vnncdn.net/files/publish/2023/8/22/chien-co-f-16-65.jpg?width=200" data-lg-id="88fa234b-4bb2-4105-914c-ff825334180a" /><figcaption>Máy bay chiến đấu F-16. Ảnh: Reuters</figcaption></figure>
<p>Theo Sky News, người đứng đầu <a href="https://vietnamnet.vn/ukraine-tag18220395140699380479.html">Ukraine</a> đang có mặt tại Athens sau chuyến thăm Copenhagen. Tuyên bố tại cuộc họp báo với Thủ tướng Hy Lạp Kyriakos Mitsotakis ngày 21/8, Tổng thống Zelensky nói: &#8220;Hôm nay, chúng tôi đã đạt được một kết quả quan trọng đối với liên minh hàng không. Hy Lạp sẽ tham gia huấn luyện cho các phi công lái F-16 của chúng tôi. Tôi rất biết ơn về đề nghị này&#8221;.</p>
<p>Đan Mạch cam kết gửi cho Ukraine 19 chiếc F-16, trong khi Hà Lan có thể gửi tới 42 chiếc. Thông tin chi tiết về chương trình huấn luyện phi công Ukraine chưa được công bố nhưng có thông tin cho rằng, nó sẽ diễn ra ở Đan Mạch và Romania.</p>
<p>Thủ tướng Hy Lạp, ông Mitsotakis cũng cho biết nước này sẽ giúp tái thiết Ukraine, tập trung vào thành phố Odessa &#8211; nơi đã hứng chịu các cuộc không kích.</p>
<p><strong>Nga ngăn chặn UAV tấn công Crưm</strong></p>
<figure class="image vnn-content-image"><img decoding="async" src="https://static-images.vnncdn.net/files/publish/2023/8/22/nga-phong-khong-66.jpg" data-id="00RISI" data-thumb-src="https://static-images.vnncdn.net/files/publish/2023/8/22/nga-phong-khong-66.jpg?width=200" data-lg-id="63509491-1973-4a0f-aa2c-f6f62aa36d0c" /><figcaption></figcaption></figure>
<p>Bộ Quốc phòng Nga cho biết, hệ thống tác chiến điện tử của nước này đã ngăn chặn hai máy bay không người lái (UAV) được Ukraine phóng gần Crưm, khiến chúng rơi xuống vùng biển cách bán đảo 40km về phía tây bắc.</p>
<p>Hãng tin Tass dẫn thông báo của Bộ Quốc phòng Nga viết: &#8220;Ngày 21/8, vào khoảng 23h giờ Moscow, nỗ lực tiến hành một cuộc tấn công khủng bố bằng UAV của Ukraine đã bị ngăn chặn. Lực lượng phòng không Nga đang làm nhiệm vụ đã phát hiện và ngăn chặn 2 máy bay không người lái của Ukraine. Các máy bay này đã mất kiểm soát và rơi trên Biển Đen&#8221;.</p>
<p>Moscow cáo buộc lực lượng vũ trang Ukraine thường xuyên pháo kích các vùng lãnh thổ biên giới của Nga và dùng máy bay không người lái để tấn công, thực hiện các hoạt động phá hoại. Ở các vùng Bryansk, Kursk, Belgorod và Crưm, cảnh báo nguy hiểm khủng bố được đặt ở mức độ vàng.</p>
<p><strong>Mỹ khuyến cáo công dân rời Belarus ngay lập tức</strong></p>
<p>Bộ Ngoại giao Mỹ kêu gọi công dân nước này rời Belarus khẩn cấp do một số trạm kiểm soát ở biên giới Belarus với Lithuania bị đóng cửa.</p>
<p>Theo thông báo của Đại sứ quán Mỹ tại Minsk, &#8220;công dân Mỹ tại Belarus nên rời quốc gia này ngay lập tức. Hãy cân nhắc việc rời khỏi Belarus qua các cửa khẩu biên giới còn lại giữa nước này với Lithuania và Latvia hoặc bằng máy bay. Công dân Mỹ được phép nhập cảnh vào Ba Lan bằng đường bộ từ Belarus. Không tới Nga hay Ukraine&#8221;.</p>
</div>
<p>Bài viết <a rel="nofollow" href="httphttps://github.com/Trangmamy/WPress.github.io.git/hy-lap-huan-luyen-phi-cong-ukraine-lai-f-16-nga-chan-uav-tan-cong-crum/">Hy Lạp huấn luyện phi công Ukraine lái F-16, Nga chặn UAV tấn công Crưm</a> đã xuất hiện đầu tiên vào ngày <a rel="nofollow" href="httphttps://github.com/Trangmamy/WPress.github.io.git">Cửa hàng điện tử </a>.</p>
]]></content:encoded>
					
					<wfw:commentRss>httphttps://github.com/Trangmamy/WPress.github.io.git/hy-lap-huan-luyen-phi-cong-ukraine-lai-f-16-nga-chan-uav-tan-cong-crum/feed/</wfw:commentRss>
			<slash:comments>0</slash:comments>
		
		
			</item>
	</channel>
</rss>
