<?xml version="1.0" encoding="UTF-8"?><rss version="2.0"
	xmlns:content="http://purl.org/rss/1.0/modules/content/"
	xmlns:wfw="http://wellformedweb.org/CommentAPI/"
	xmlns:dc="http://purl.org/dc/elements/1.1/"
	xmlns:atom="http://www.w3.org/2005/Atom"
	xmlns:sy="http://purl.org/rss/1.0/modules/syndication/"
	xmlns:slash="http://purl.org/rss/1.0/modules/slash/"
	
	xmlns:georss="http://www.georss.org/georss"
	xmlns:geo="http://www.w3.org/2003/01/geo/wgs84_pos#"
	>

<channel>
	<title>Lưu trữ Chưa phân loại - Cửa hàng điện tử</title>
	<atom:link href="httphttps://github.com/Trangmamy/WPress.github.io.git/category/khong-phan-loai/feed/" rel="self" type="application/rss+xml" />
	<link>httphttps://github.com/Trangmamy/WPress.github.io.git/category/khong-phan-loai/</link>
	<description>Cập nhật tin tức mới nhất hằng ngày</description>
	<lastBuildDate>Mon, 21 Aug 2023 07:31:58 +0000</lastBuildDate>
	<language>vi</language>
	<sy:updatePeriod>
	hourly	</sy:updatePeriod>
	<sy:updateFrequency>
	1	</sy:updateFrequency>
	<generator>https://wordpress.org/?v=6.3.1</generator>

<image>
	<url>httphttps://github.com/Trangmamy/WPress.github.io.git/wp-content/uploads/2023/08/Dark-Blue-Red-White-Generic-News-General-News-Logo.png</url>
	<title>Lưu trữ Chưa phân loại - Cửa hàng điện tử</title>
	<link>httphttps://github.com/Trangmamy/WPress.github.io.git/category/khong-phan-loai/</link>
	<width>32</width>
	<height>32</height>
</image> 
	<item>
		<title>Chào tất cả mọi người!</title>
		<link>httphttps://github.com/Trangmamy/WPress.github.io.git/chao-moi-nguoi/</link>
					<comments>httphttps://github.com/Trangmamy/WPress.github.io.git/chao-moi-nguoi/#comments</comments>
		
		<dc:creator><![CDATA[nguyentrang]]></dc:creator>
		<pubDate>Mon, 21 Aug 2023 07:31:58 +0000</pubDate>
				<category><![CDATA[Chưa phân loại]]></category>
		<guid isPermaLink="false">httphttps://github.com/Trangmamy/WPress.github.io.git/?p=1</guid>

					<description><![CDATA[<p>Cảm ơn vì đã sử dụng WordPress. Đây là bài viết đầu tiên của bạn. Sửa hoặc xóa nó, và bắt đầu bài viết của <a class="mh-excerpt-more" href="httphttps://github.com/Trangmamy/WPress.github.io.git/chao-moi-nguoi/" title="Chào tất cả mọi người!">[...]</a></p>
<p>Bài viết <a rel="nofollow" href="httphttps://github.com/Trangmamy/WPress.github.io.git/chao-moi-nguoi/">Chào tất cả mọi người!</a> đã xuất hiện đầu tiên vào ngày <a rel="nofollow" href="httphttps://github.com/Trangmamy/WPress.github.io.git">Cửa hàng điện tử </a>.</p>
]]></description>
										<content:encoded><![CDATA[
<p>Cảm ơn vì đã sử dụng WordPress. Đây là bài viết đầu tiên của bạn. Sửa hoặc xóa nó, và bắt đầu bài viết của bạn nhé!</p>
<p>Bài viết <a rel="nofollow" href="httphttps://github.com/Trangmamy/WPress.github.io.git/chao-moi-nguoi/">Chào tất cả mọi người!</a> đã xuất hiện đầu tiên vào ngày <a rel="nofollow" href="httphttps://github.com/Trangmamy/WPress.github.io.git">Cửa hàng điện tử </a>.</p>
]]></content:encoded>
					
					<wfw:commentRss>httphttps://github.com/Trangmamy/WPress.github.io.git/chao-moi-nguoi/feed/</wfw:commentRss>
			<slash:comments>1</slash:comments>
		
		
			</item>
	</channel>
</rss>
