<?xml version="1.0" encoding="UTF-8"?><rss version="2.0"
	xmlns:content="http://purl.org/rss/1.0/modules/content/"
	xmlns:wfw="http://wellformedweb.org/CommentAPI/"
	xmlns:dc="http://purl.org/dc/elements/1.1/"
	xmlns:atom="http://www.w3.org/2005/Atom"
	xmlns:sy="http://purl.org/rss/1.0/modules/syndication/"
	xmlns:slash="http://purl.org/rss/1.0/modules/slash/"
	
	xmlns:georss="http://www.georss.org/georss"
	xmlns:geo="http://www.w3.org/2003/01/geo/wgs84_pos#"
	>

<channel>
	<title>Cửa hàng điện tử </title>
	<atom:link href="httphttps://github.com/Trangmamy/WPress.github.io.git/feed/" rel="self" type="application/rss+xml" />
	<link>httphttps://github.com/Trangmamy/WPress.github.io.git/</link>
	<description>Cập nhật tin tức mới nhất hằng ngày</description>
	<lastBuildDate>Tue, 22 Aug 2023 06:42:50 +0000</lastBuildDate>
	<language>vi</language>
	<sy:updatePeriod>
	hourly	</sy:updatePeriod>
	<sy:updateFrequency>
	1	</sy:updateFrequency>
	<generator>https://wordpress.org/?v=6.3.1</generator>

<image>
	<url>httphttps://github.com/Trangmamy/WPress.github.io.git/wp-content/uploads/2023/08/Dark-Blue-Red-White-Generic-News-General-News-Logo.png</url>
	<title>Cửa hàng điện tử </title>
	<link>httphttps://github.com/Trangmamy/WPress.github.io.git/</link>
	<width>32</width>
	<height>32</height>
</image> 
	<item>
		<title>Đậu đỏ bổ dưỡng nhưng cần lưu ý tác dụng phụ khi ăn</title>
		<link>httphttps://github.com/Trangmamy/WPress.github.io.git/dau-do-bo-duong-nhung-can-luu-y-tac-dung-phu-khi-an/</link>
					<comments>httphttps://github.com/Trangmamy/WPress.github.io.git/dau-do-bo-duong-nhung-can-luu-y-tac-dung-phu-khi-an/#respond</comments>
		
		<dc:creator><![CDATA[nguyentrang]]></dc:creator>
		<pubDate>Tue, 22 Aug 2023 06:42:50 +0000</pubDate>
				<category><![CDATA[Sức khỏe]]></category>
		<guid isPermaLink="false">httphttps://github.com/Trangmamy/WPress.github.io.git/?p=61</guid>

					<description><![CDATA[<p>Đậu đỏ có tác dụng làm chậm quá trình lão hóa, cải thiện sức khỏe tim mạch, ngăn ngừa ung thư, giảm cholesterol, giảm vòng <a class="mh-excerpt-more" href="httphttps://github.com/Trangmamy/WPress.github.io.git/dau-do-bo-duong-nhung-can-luu-y-tac-dung-phu-khi-an/" title="Đậu đỏ bổ dưỡng nhưng cần lưu ý tác dụng phụ khi ăn">[...]</a></p>
<p>Bài viết <a rel="nofollow" href="httphttps://github.com/Trangmamy/WPress.github.io.git/dau-do-bo-duong-nhung-can-luu-y-tac-dung-phu-khi-an/">Đậu đỏ bổ dưỡng nhưng cần lưu ý tác dụng phụ khi ăn</a> đã xuất hiện đầu tiên vào ngày <a rel="nofollow" href="httphttps://github.com/Trangmamy/WPress.github.io.git">Cửa hàng điện tử </a>.</p>
]]></description>
										<content:encoded><![CDATA[<h2 class="content-detail-sapo sm-sapo-mb-0">Đậu đỏ có tác dụng làm chậm quá trình lão hóa, cải thiện sức khỏe tim mạch, ngăn ngừa ung thư, giảm cholesterol, giảm vòng eo và tăng cường năng lượng, tuy nhiên có một số tác dụng phụ cần lưu ý khi ăn.</h2>
<div id="maincontent" class="maincontent main-content">
<p>Đậu đỏ (Vigna angularis) là một loại cây hàng năm được trồng rộng rãi khắp Đông Á và dãy Hymalaya để lấy hạt. Đậu đỏ rất bổ dưỡng với các thành phần dinh dưỡng như carbohydrate, protein, lipid, folate, mangan, phospho, kali, đồng, magie, kẽm, sắt, thiamine, vitamin B6, riboflavin, niacin, canxi…</p>
<p>Trong ẩm thực Đông Á, đậu đỏ thường được làm ngọt trước khi ăn. Đặc biệt, nó thường được nấu với đường (<a href="https://vietnamnet.vn/tai-sao-an-che-dau-do-ngay-that-tich-2178875.html" target="_blank" rel="noopener">chè đậu đỏ</a>) hoặc tạo thành bột đậu đỏ.</p>
<p>Bột đậu đỏ làm từ đậu đỏ được sử dụng trong nhiều món ăn châu Á. Một số nền văn hóa châu Á (như Hàn Quốc) thưởng thức bột đậu đỏ như một loại nhân hoặc phủ trên các loại bánh.</p>
<figure class="image vnn-content-image"><img decoding="async" src="https://static-images.vnncdn.net/files/publish/2023/8/22/dau-do-93.png" data-id="00RIDH" data-thumb-src="https://static-images.vnncdn.net/files/publish/2023/8/22/dau-do-93.png?width=200" data-lg-id="b188a535-f46c-4e86-a56d-a8e2d442e64d" data-adbro-processed="true" /><figcaption><em>Đậu đỏ có nhiều chất dinh dưỡng. Ảnh: Resnaturae.com</em></figcaption><div id="yomedia-passback-083537f72d09408582de308e598300e7-1692686533971"></div>
</figure>
<p>Nghiên cứu cho thấy đậu đỏ có tác dụng làm chậm quá trình lão hóa, cải thiện sức khỏe tim mạch, ngăn ngừa ung thư, giảm cholesterol, giảm vòng eo và tăng cường năng lượng.</p>
<p>Các loại đậu thường là thực phẩm chính trong chế độ ăn của nhiều người ăn chay, và các nghiên cứu cho thấy các loại đậu, trong đó có đậu đỏ, có thể là lý do chính khiến cách ăn này mang lại rất nhiều lợi ích cho sức khỏe.</p>
<p>Với hàm lượng protein và chất xơ cao, đậu đỏ rất tốt để giúp <strong>kiểm soát lượng đường huyết</strong>. Nghiên cứu trên động vật thậm chí còn chỉ ra rằng protein có trong đậu đỏ thậm chí có thể ức chế các α-glucosidase trong ruột, là những enzym liên quan đến việc phá vỡ các carbohydrate phức tạp như tinh bột và glycogen. Nói cách khác, đậu đỏ hoạt động giống như chất ức chế alpha-glucosidase được dùng để kiểm soát bệnh tiểu đường.</p>
<p>Điều này làm cho đậu đỏ trở thành một lựa chọn cho kế hoạch ăn kiêng của bệnh nhân tiểu đường, giúp điều trị, quản lý hoặc ngăn ngừa bệnh này. Người bị tiểu đường có thể ăn chè đậu đỏ với điều kiện cho đường ăn kiêng hoặc đường stevia.</p>
<p>Tác dụng phụ phổ biến nhất của việc ăn đậu là đầy hơi. Nếu chúng ta ngâm đậu khô thì không được dùng nước đã ngâm đậu để nấu vì nước này sinh ra nhiều khí. Các enzym tiêu hóa giúp giải cứu sự khó khăn trong việc tiêu hóa đậu. Tin tốt là đậu đỏ là một trong những loại đậu dễ ​​tiêu hóa hơn.</p>
</div>
<p>Bài viết <a rel="nofollow" href="httphttps://github.com/Trangmamy/WPress.github.io.git/dau-do-bo-duong-nhung-can-luu-y-tac-dung-phu-khi-an/">Đậu đỏ bổ dưỡng nhưng cần lưu ý tác dụng phụ khi ăn</a> đã xuất hiện đầu tiên vào ngày <a rel="nofollow" href="httphttps://github.com/Trangmamy/WPress.github.io.git">Cửa hàng điện tử </a>.</p>
]]></content:encoded>
					
					<wfw:commentRss>httphttps://github.com/Trangmamy/WPress.github.io.git/dau-do-bo-duong-nhung-can-luu-y-tac-dung-phu-khi-an/feed/</wfw:commentRss>
			<slash:comments>0</slash:comments>
		
		
			</item>
		<item>
		<title>Phó Thống đốc: Doanh nghiệp có thể thua lỗ nhưng ngân hàng thì không thể</title>
		<link>httphttps://github.com/Trangmamy/WPress.github.io.git/pho-thong-doc-doanh-nghiep-co-the-thua-lo-nhung-ngan-hang-thi-khong-the/</link>
					<comments>httphttps://github.com/Trangmamy/WPress.github.io.git/pho-thong-doc-doanh-nghiep-co-the-thua-lo-nhung-ngan-hang-thi-khong-the/#respond</comments>
		
		<dc:creator><![CDATA[nguyentrang]]></dc:creator>
		<pubDate>Tue, 22 Aug 2023 06:41:16 +0000</pubDate>
				<category><![CDATA[Kinh doanh]]></category>
		<guid isPermaLink="false">httphttps://github.com/Trangmamy/WPress.github.io.git/?p=57</guid>

					<description><![CDATA[<p>Một doanh nghiệp đổ vỡ có thể ảnh hưởng vài trăm lao động nhưng một ngân hàng thua lỗ sẽ dẫn đến đổ vỡ kéo <a class="mh-excerpt-more" href="httphttps://github.com/Trangmamy/WPress.github.io.git/pho-thong-doc-doanh-nghiep-co-the-thua-lo-nhung-ngan-hang-thi-khong-the/" title="Phó Thống đốc: Doanh nghiệp có thể thua lỗ nhưng ngân hàng thì không thể">[...]</a></p>
<p>Bài viết <a rel="nofollow" href="httphttps://github.com/Trangmamy/WPress.github.io.git/pho-thong-doc-doanh-nghiep-co-the-thua-lo-nhung-ngan-hang-thi-khong-the/">Phó Thống đốc: Doanh nghiệp có thể thua lỗ nhưng ngân hàng thì không thể</a> đã xuất hiện đầu tiên vào ngày <a rel="nofollow" href="httphttps://github.com/Trangmamy/WPress.github.io.git">Cửa hàng điện tử </a>.</p>
]]></description>
										<content:encoded><![CDATA[<h2 class="content-detail-sapo sm-sapo-mb-0">Một doanh nghiệp đổ vỡ có thể ảnh hưởng vài trăm lao động nhưng một ngân hàng thua lỗ sẽ dẫn đến đổ vỡ kéo theo cả hệ thống.</h2>
<div id="maincontent" class="maincontent main-content">
<p>Chia sẻ tại hội thảo về tăng cường khả năng tiếp cận và hấp thụ vốn của khu vực doanh nghiệp do Ngân hàng Nhà nước tổ chức sáng 22/8 tại Hà Nội, Phó Thống đốc Đào Minh Tú cho biết, số lượng doanh nghiệp vay vốn ngân hàng kể từ đầu năm đã giảm hơn 1.000 doanh nghiệp.</p>
<p>Tín dụng chỉ mới có tín hiệu tăng trở lại từ tháng 6 và tính đến nay, tăng trưởng tín dụng mới chỉ đạt khoảng 4,6%, giảm đáng kể so với cùng thời điểm năm 2022 (9,54%). Điều này cho thấy khả năng hấp thụ vốn của doanh nghiệp đang rất khó khăn.</p>
<p>Có những doanh nghiệp hoạt động nhờ 90-100% vốn vay ngân hàng, tỷ lệ vay vốn cao như vậy trong điều kiện hiện nay thì rõ ràng rất khó khăn.</p>
<p>Theo Phó Thống đốc, chưa bao giờ điều hành chính sách tiền tệ lại gặp khó như hiện nay. Thế giới đang tăng lãi suất, thắt chặt chính sách tiền tệ, trong khi chúng ta phải <a href="https://vietnamnet.vn/lai-suat-ngan-hang-22-8-dong-loat-giam-manh-gui-o-dau-cao-nhat-hon-7-2180301.html">giảm lãi suất</a> để hỗ trợ doanh nghiệp.</p>
<p>Dù doanh nghiệp khó tiếp cận vốn vay ngân hàng nhưng Phó Thống đốc cũng chỉ ra thực trạng hiện nay là thanh khoản trong các ngân hàng đang rất dồi dào. Thậm chí Ngân hàng Nhà nước (NHNN) sẽ tiếp tục dùng các công cụ hỗ trợ lãi suất để hỗ trợ vốn cho ngân hàng thương mại.</p>
<figure class="image vnn-content-image"><img decoding="async" src="https://static-images.vnncdn.net/files/publish/2023/8/22/dsc-0831-548.jpg" data-id="00RTCO" data-thumb-src="https://static-images.vnncdn.net/files/publish/2023/8/22/dsc-0831-548.jpg?width=200" data-lg-id="15a87fbc-374c-444d-81f8-c82614295d50" /><figcaption>Ngân hàng đang dư thừa tiền (Ảnh: H.H)</figcaption></figure>
<p>Các ngân hàng thương mại cũng cắt giảm lãi suất để hỗ trợ doanh nghiệp. Tuy nhiên, nếu hạ điều kiện tín dụng ồ ạt thì chất lượng tín dụng xuống thấp, nợ xấu tăng cao. Trong khi “cục máu đông” nợ xấu từ năm 2011 đến nay mới tạm xử lý.</p>
<p>“Nếu các khoản nợ xấu tăng lên chúng ta sẽ lại rơi vào vòng luẩn quẩn là xử lý nợ xấu, tạo sự ách tắc nguồn vốn trong nền kinh tế và những khó khăn chung”, Phó Thống đốc Đào Minh Tú nói.</p>
<p>Về việc nhiều ngân hàng đã rất tích cực trong việc giảm lãi suất, ông Tú cho rằng các ngân hàng chủ yếu sống nhờ tín dụng, khi đã huy động vào thì phải cho vay ra, không thể cất giữ trong két.</p>
<p>Tuy nhiên, việc ngân hàng đang dư thừa tiền nhưng lại không thể cho vay cũng giống như doanh nghiệp không bán được hàng dẫn đến hàng tồn kho.</p>
<p>Ngân hàng có thể giảm lãi suất giống như doanh nghiệp giảm giá bán sản phẩm. Tuy nhiên, Phó Thống đốc cho rằng doanh nghiệp có thể thua lỗ chứ ngân hàng không thể thua lỗ.</p>
<p>“Ngân hàng mà thua lỗ sẽ dẫn đến đổ vỡ, một doanh nghiệp đổ vỡ có thể ảnh hưởng vài trăm lao động nhưng một ngân hàng nếu đổ vỡ sẽ kéo theo cả hệ thống. Cho nên hoạt động ngân hàng phải đảm bảo sự an toàn, lành mạnh. Ngân hàng có thể lãi nhiều hay lãi ít nhưng không thể lỗ”, Phó Thống đốc nhấn mạnh.</p>
<p>Theo bà Hà Thu Giang – Vụ trưởng Vụ Tín dụng các ngành kinh tế (NHNN) &#8211; những tháng còn lại của năm 2023, NHNN sẽ tiếp tục điều hành tín dụng theo đúng mục tiêu, định hướng đã đề ra; đồng thời triển khai các giải pháp tháo gỡ khó khăn, tăng cường khả năng tiếp cận và hấp thụ vốn tín dụng của người dân, doanh nghiệp, đáp ứng yêu cầu phục hồi và phát triển kinh tế.</p>
<p>Bên cạnh các giải pháp của NHNN và ngành ngân hàng, bà Hà Thu Giang cũng bày tỏ mong muốn tiếp tục nhận được sự đồng hành, phối hợp, triển khai của các bộ, ngành, địa phương.</p>
<p>Như về xúc tiến thương mại, mở rộng thị trường xuất khẩu, khai thác cầu nội địa cải thiện môi trường kinh doanh, khơi thông thị trường BĐS, trái phiếu doanh nghiệp, phát huy hiệu quả hoạt động của Quỹ Bảo lãnh tín dụng cho DNNVV, Quỹ Phát triển DNNVV&#8230;</p>
<p>Cùng với đó là sự vào cuộc của các hiệp hội, sự nỗ lực của các doanh nghiệp trong tái cấu trúc, nâng cao hiệu quả hoạt động&#8230; nhằm góp phần thúc đẩy tăng trưởng gắn với ổn định kinh tế vĩ mô, góp phần hoàn thành cao nhất mục tiêu, chỉ tiêu phát triển kinh tế xã hội năm 2023 mà Quốc hội, Chính phủ đã đề ra.</p>
</div>
<p>Bài viết <a rel="nofollow" href="httphttps://github.com/Trangmamy/WPress.github.io.git/pho-thong-doc-doanh-nghiep-co-the-thua-lo-nhung-ngan-hang-thi-khong-the/">Phó Thống đốc: Doanh nghiệp có thể thua lỗ nhưng ngân hàng thì không thể</a> đã xuất hiện đầu tiên vào ngày <a rel="nofollow" href="httphttps://github.com/Trangmamy/WPress.github.io.git">Cửa hàng điện tử </a>.</p>
]]></content:encoded>
					
					<wfw:commentRss>httphttps://github.com/Trangmamy/WPress.github.io.git/pho-thong-doc-doanh-nghiep-co-the-thua-lo-nhung-ngan-hang-thi-khong-the/feed/</wfw:commentRss>
			<slash:comments>0</slash:comments>
		
		
			</item>
		<item>
		<title>Tóc Tiên gợi cảm với set hàng hiệu, Thuỳ Tiên đầm trắng sexy</title>
		<link>httphttps://github.com/Trangmamy/WPress.github.io.git/toc-tien-goi-cam-voi-set-hang-hieu-thuy-tien-dam-trang-sexy/</link>
					<comments>httphttps://github.com/Trangmamy/WPress.github.io.git/toc-tien-goi-cam-voi-set-hang-hieu-thuy-tien-dam-trang-sexy/#comments</comments>
		
		<dc:creator><![CDATA[nguyentrang]]></dc:creator>
		<pubDate>Tue, 22 Aug 2023 06:39:53 +0000</pubDate>
				<category><![CDATA[Giải trí]]></category>
		<guid isPermaLink="false">httphttps://github.com/Trangmamy/WPress.github.io.git/?p=53</guid>

					<description><![CDATA[<p>Tóc Tiên khoe vòng 1 gợi cảm với áo cut out của thương hiệu nổi tiếng. Thuỳ Tiên toát lên thần thái nữ hoàng khi <a class="mh-excerpt-more" href="httphttps://github.com/Trangmamy/WPress.github.io.git/toc-tien-goi-cam-voi-set-hang-hieu-thuy-tien-dam-trang-sexy/" title="Tóc Tiên gợi cảm với set hàng hiệu, Thuỳ Tiên đầm trắng sexy">[...]</a></p>
<p>Bài viết <a rel="nofollow" href="httphttps://github.com/Trangmamy/WPress.github.io.git/toc-tien-goi-cam-voi-set-hang-hieu-thuy-tien-dam-trang-sexy/">Tóc Tiên gợi cảm với set hàng hiệu, Thuỳ Tiên đầm trắng sexy</a> đã xuất hiện đầu tiên vào ngày <a rel="nofollow" href="httphttps://github.com/Trangmamy/WPress.github.io.git">Cửa hàng điện tử </a>.</p>
]]></description>
										<content:encoded><![CDATA[<h2 class="content-detail-sapo sm-sapo-mb-0">Tóc Tiên khoe vòng 1 gợi cảm với áo cut out của thương hiệu nổi tiếng. Thuỳ Tiên toát lên thần thái nữ hoàng khi diện thiết kế màu trắng sexy.</h2>
<div id="maincontent" class="maincontent main-content">
<figure class="image vnn-content-image"><img decoding="async" src="https://static-images.vnncdn.net/files/publish/2023/8/21/sao-1-416.jpg" data-id="00RUPU" data-thumb-src="https://static-images.vnncdn.net/files/publish/2023/8/21/sao-1-416.jpg?width=200" data-lg-id="6c885ff2-4cd1-4509-9b2d-2fc29db1995c" /><figcaption><em><a href="https://vietnamnet.vn/toc-tien-tag1570845356682587881.html">Tóc Tiên</a> gợi cảm trong set đồ hiệu tone nâu kèm hoạ tiết logo của nhà mốt với áo hai dây cut-out và chân váy khoá kéo cá tính. Nữ ca sĩ phối cùng boots da mũi nhọn đồng bộ.</em></figcaption></figure>
<figure class="image vnn-content-image"><img decoding="async" src="https://static-images.vnncdn.net/files/publish/2023/8/21/sao-2-417.jpg" data-id="00RUPR" data-thumb-src="https://static-images.vnncdn.net/files/publish/2023/8/21/sao-2-417.jpg?width=200" data-lg-id="85b89587-1661-4a63-bbb7-b8683d1cba88" data-adbro-processed="true" /><figcaption><em><a href="https://vietnamnet.vn/lan-khue-tag13884360876163016808.html">Lan Khuê </a>sắc sảo với tạo hình mang phong cách cổ trang khi diện trang phục tone đen &#8211; đỏ gồm áo độn vai và váy in chữ sành điệu. Người đẹp chọn trâm cài đầu màu sắc và trang sức kim loại.</em></figcaption><div id="yomedia-passback-083537f72d09408582de308e598300e7-1692686357707"></div>
</figure>
<figure class="image vnn-content-image"><img decoding="async" src="https://static-images.vnncdn.net/files/publish/2023/8/21/sao-3-418.jpg" data-id="00RUPF" data-thumb-src="https://static-images.vnncdn.net/files/publish/2023/8/21/sao-3-418.jpg?width=200" data-lg-id="2ab659ec-3f6d-4847-8ed3-f91e677e1811" /><figcaption><em>Bảo Ngọc khoe vóc dáng thanh mảnh trong thiết kế lệch vai màu đen với các đường cắt xẻ táo bạo. Cô kết hợp cùng phụ kiện màu vàng và trang điểm nhấn vào đôi mắt.</em></figcaption></figure>
<figure class="image vnn-content-image"><img decoding="async" src="https://static-images.vnncdn.net/files/publish/2023/8/21/sao-4-419.jpg" data-id="00RUPT" data-thumb-src="https://static-images.vnncdn.net/files/publish/2023/8/21/sao-4-419.jpg?width=200" data-lg-id="41b337e7-10a7-44f6-a91b-198055982f71" /><figcaption><em>Tiểu Vy đẹp mong manh trong thiết kế hình cánh bướm được đính kết cầu kỳ tại thân trên và thả tua rua tại thân dưới. Nàng hậu tiết chế phụ kiện, trang điểm với tone màu cam đỏ trong veo và để tóc búi đuôi gà.</em></figcaption></figure>
<figure class="image vnn-content-image"><img decoding="async" src="https://static-images.vnncdn.net/files/publish/2023/8/21/sao-5-420.jpg" data-id="00RUPY" data-thumb-src="https://static-images.vnncdn.net/files/publish/2023/8/21/sao-5-420.jpg?width=200" data-lg-id="d0d5b08f-898d-47cc-93a7-dcb72f895fcd" /><figcaption><em>Á hậu Ngọc Hằng tạo dáng với chiếc váy dạ hội cúp ngực tôn bờ vai gầy và phần tà dài làm nổi bật đôi chân thon. Cô phối cùng bông tai dáng dài và sandal đan dây để hoàn thiện trang phục. </em></figcaption></figure>
<figure class="image vnn-content-image"><img decoding="async" src="https://static-images.vnncdn.net/files/publish/2023/8/21/sao-6-421.jpg" data-id="00RUPE" data-thumb-src="https://static-images.vnncdn.net/files/publish/2023/8/21/sao-6-421.jpg?width=200" data-lg-id="1171cf65-44fe-4080-9bf5-fc79be8370ef" /><figcaption><em>Minh Tú bước đi uyển chuyển trong thiết kế dáng dài có phần đan dây khá mới mẻ cùng phần tà xẻ cao giúp người mặc thuận tiện di chuyển. Cô phối cùng găng tay lưới và phụ kiện sáng màu để tổng thể thêm cuốn hút.</em></figcaption></figure>
<figure class="image vnn-content-image"><img decoding="async" src="https://static-images.vnncdn.net/files/publish/2023/8/21/sao-7-422.jpg" data-id="00RUPI" data-thumb-src="https://static-images.vnncdn.net/files/publish/2023/8/21/sao-7-422.jpg?width=200" data-lg-id="3cd09458-cbd2-4b7c-969b-4f13d2e8c50d" /><figcaption><em><a href="https://vietnamnet.vn/hoa-hau-huong-giang-tag290959468142819338.html">Hương Giang</a> gây ấn tượng với cả cây đỏ gồm váy dài tay. Nàng hậu để tóc ngắn mái bằng cổ điển và chọn màu son đỏ đồng điệu với trang phục.</em></figcaption></figure>
<figure class="image vnn-content-image"><img decoding="async" src="https://static-images.vnncdn.net/files/publish/2023/8/21/sao-8-423.jpg" data-id="00RUPO" data-thumb-src="https://static-images.vnncdn.net/files/publish/2023/8/21/sao-8-423.jpg?width=200" data-lg-id="f950d040-e754-4f0e-b5d8-90f11d005c4c" /><figcaption><em>Màu xanh neon kén người mặc không làm khó H&#8217;Hen Niê khi được thiết kế với kiểu dáng dài, phần cổ đổ mềm mại và đính đá nhẹ nhàng tại eo. Cô kết hợp với giày cao gót đồng màu và để tóc búi cao thanh lịch.</em></figcaption></figure>
<figure class="image vnn-content-image"><img decoding="async" src="https://static-images.vnncdn.net/files/publish/2023/8/21/sao-9-424.jpg" data-id="00RUPP" data-thumb-src="https://static-images.vnncdn.net/files/publish/2023/8/21/sao-9-424.jpg?width=200" data-lg-id="ce2ee5d3-a1f0-44d6-be85-e4de2f13bce0" /><figcaption><em>Ngọc Châu khoe đôi chân siêu mẫu với set đồ tone xanh &#8211; trắng khá bụi bặm gồm áo dài tay trễ vai và váy xếp ly giả denim. Nàng hậu phối cùng kính mát màu trong, bông tai bạc và boots cổ lửng màu trắng.</em></figcaption></figure>
<figure class="image vnn-content-image"><img decoding="async" src="https://static-images.vnncdn.net/files/publish/2023/8/21/sao-10-425.jpg" data-id="00RUPA" data-thumb-src="https://static-images.vnncdn.net/files/publish/2023/8/21/sao-10-425.jpg?width=200" data-lg-id="c7aa2c17-cd37-49ed-b439-a716e645c540" /><figcaption><em>Thuỳ Tiên toát lên thần thái nữ hoàng khi diện thiết kế màu trắng với bra tạo hình cầu kỳ kèm mũ trùm vai và chân váy xẻ cao có phần tà dài thướt tha. Người đẹp sinh năm 1998 để tóc rẽ ngôi, kết hợp cùng trang sức đính đá và sandal cao gót màu bạc.</em></p>
</figcaption></figure>
</div>
<p>Bài viết <a rel="nofollow" href="httphttps://github.com/Trangmamy/WPress.github.io.git/toc-tien-goi-cam-voi-set-hang-hieu-thuy-tien-dam-trang-sexy/">Tóc Tiên gợi cảm với set hàng hiệu, Thuỳ Tiên đầm trắng sexy</a> đã xuất hiện đầu tiên vào ngày <a rel="nofollow" href="httphttps://github.com/Trangmamy/WPress.github.io.git">Cửa hàng điện tử </a>.</p>
]]></content:encoded>
					
					<wfw:commentRss>httphttps://github.com/Trangmamy/WPress.github.io.git/toc-tien-goi-cam-voi-set-hang-hieu-thuy-tien-dam-trang-sexy/feed/</wfw:commentRss>
			<slash:comments>1</slash:comments>
		
		
			</item>
		<item>
		<title>Hy Lạp huấn luyện phi công Ukraine lái F-16, Nga chặn UAV tấn công Crưm</title>
		<link>httphttps://github.com/Trangmamy/WPress.github.io.git/hy-lap-huan-luyen-phi-cong-ukraine-lai-f-16-nga-chan-uav-tan-cong-crum/</link>
					<comments>httphttps://github.com/Trangmamy/WPress.github.io.git/hy-lap-huan-luyen-phi-cong-ukraine-lai-f-16-nga-chan-uav-tan-cong-crum/#respond</comments>
		
		<dc:creator><![CDATA[nguyentrang]]></dc:creator>
		<pubDate>Tue, 22 Aug 2023 06:37:59 +0000</pubDate>
				<category><![CDATA[Công nghệ]]></category>
		<guid isPermaLink="false">httphttps://github.com/Trangmamy/WPress.github.io.git/?p=50</guid>

					<description><![CDATA[<p>Tổng thống Volodymyr Zelensky cho biết, Hy Lạp sẽ tham gia huấn luyện lực lượng không quân Ukraine vận hành các máy bay chiến đấu <a class="mh-excerpt-more" href="httphttps://github.com/Trangmamy/WPress.github.io.git/hy-lap-huan-luyen-phi-cong-ukraine-lai-f-16-nga-chan-uav-tan-cong-crum/" title="Hy Lạp huấn luyện phi công Ukraine lái F-16, Nga chặn UAV tấn công Crưm">[...]</a></p>
<p>Bài viết <a rel="nofollow" href="httphttps://github.com/Trangmamy/WPress.github.io.git/hy-lap-huan-luyen-phi-cong-ukraine-lai-f-16-nga-chan-uav-tan-cong-crum/">Hy Lạp huấn luyện phi công Ukraine lái F-16, Nga chặn UAV tấn công Crưm</a> đã xuất hiện đầu tiên vào ngày <a rel="nofollow" href="httphttps://github.com/Trangmamy/WPress.github.io.git">Cửa hàng điện tử </a>.</p>
]]></description>
										<content:encoded><![CDATA[<h2 class="content-detail-sapo sm-sapo-mb-0">Tổng thống Volodymyr Zelensky cho biết, Hy Lạp sẽ tham gia huấn luyện lực lượng không quân Ukraine vận hành các máy bay chiến đấu F-16 do Đan Mạch và Hà Lan tặng.</h2>
<div id="maincontent" class="maincontent main-content">
<figure class="image vnn-content-image"><img decoding="async" src="https://static-images.vnncdn.net/files/publish/2023/8/22/chien-co-f-16-65.jpg" data-id="00RITU" data-thumb-src="https://static-images.vnncdn.net/files/publish/2023/8/22/chien-co-f-16-65.jpg?width=200" data-lg-id="88fa234b-4bb2-4105-914c-ff825334180a" /><figcaption>Máy bay chiến đấu F-16. Ảnh: Reuters</figcaption></figure>
<p>Theo Sky News, người đứng đầu <a href="https://vietnamnet.vn/ukraine-tag18220395140699380479.html">Ukraine</a> đang có mặt tại Athens sau chuyến thăm Copenhagen. Tuyên bố tại cuộc họp báo với Thủ tướng Hy Lạp Kyriakos Mitsotakis ngày 21/8, Tổng thống Zelensky nói: &#8220;Hôm nay, chúng tôi đã đạt được một kết quả quan trọng đối với liên minh hàng không. Hy Lạp sẽ tham gia huấn luyện cho các phi công lái F-16 của chúng tôi. Tôi rất biết ơn về đề nghị này&#8221;.</p>
<p>Đan Mạch cam kết gửi cho Ukraine 19 chiếc F-16, trong khi Hà Lan có thể gửi tới 42 chiếc. Thông tin chi tiết về chương trình huấn luyện phi công Ukraine chưa được công bố nhưng có thông tin cho rằng, nó sẽ diễn ra ở Đan Mạch và Romania.</p>
<p>Thủ tướng Hy Lạp, ông Mitsotakis cũng cho biết nước này sẽ giúp tái thiết Ukraine, tập trung vào thành phố Odessa &#8211; nơi đã hứng chịu các cuộc không kích.</p>
<p><strong>Nga ngăn chặn UAV tấn công Crưm</strong></p>
<figure class="image vnn-content-image"><img decoding="async" src="https://static-images.vnncdn.net/files/publish/2023/8/22/nga-phong-khong-66.jpg" data-id="00RISI" data-thumb-src="https://static-images.vnncdn.net/files/publish/2023/8/22/nga-phong-khong-66.jpg?width=200" data-lg-id="63509491-1973-4a0f-aa2c-f6f62aa36d0c" /><figcaption></figcaption></figure>
<p>Bộ Quốc phòng Nga cho biết, hệ thống tác chiến điện tử của nước này đã ngăn chặn hai máy bay không người lái (UAV) được Ukraine phóng gần Crưm, khiến chúng rơi xuống vùng biển cách bán đảo 40km về phía tây bắc.</p>
<p>Hãng tin Tass dẫn thông báo của Bộ Quốc phòng Nga viết: &#8220;Ngày 21/8, vào khoảng 23h giờ Moscow, nỗ lực tiến hành một cuộc tấn công khủng bố bằng UAV của Ukraine đã bị ngăn chặn. Lực lượng phòng không Nga đang làm nhiệm vụ đã phát hiện và ngăn chặn 2 máy bay không người lái của Ukraine. Các máy bay này đã mất kiểm soát và rơi trên Biển Đen&#8221;.</p>
<p>Moscow cáo buộc lực lượng vũ trang Ukraine thường xuyên pháo kích các vùng lãnh thổ biên giới của Nga và dùng máy bay không người lái để tấn công, thực hiện các hoạt động phá hoại. Ở các vùng Bryansk, Kursk, Belgorod và Crưm, cảnh báo nguy hiểm khủng bố được đặt ở mức độ vàng.</p>
<p><strong>Mỹ khuyến cáo công dân rời Belarus ngay lập tức</strong></p>
<p>Bộ Ngoại giao Mỹ kêu gọi công dân nước này rời Belarus khẩn cấp do một số trạm kiểm soát ở biên giới Belarus với Lithuania bị đóng cửa.</p>
<p>Theo thông báo của Đại sứ quán Mỹ tại Minsk, &#8220;công dân Mỹ tại Belarus nên rời quốc gia này ngay lập tức. Hãy cân nhắc việc rời khỏi Belarus qua các cửa khẩu biên giới còn lại giữa nước này với Lithuania và Latvia hoặc bằng máy bay. Công dân Mỹ được phép nhập cảnh vào Ba Lan bằng đường bộ từ Belarus. Không tới Nga hay Ukraine&#8221;.</p>
</div>
<p>Bài viết <a rel="nofollow" href="httphttps://github.com/Trangmamy/WPress.github.io.git/hy-lap-huan-luyen-phi-cong-ukraine-lai-f-16-nga-chan-uav-tan-cong-crum/">Hy Lạp huấn luyện phi công Ukraine lái F-16, Nga chặn UAV tấn công Crưm</a> đã xuất hiện đầu tiên vào ngày <a rel="nofollow" href="httphttps://github.com/Trangmamy/WPress.github.io.git">Cửa hàng điện tử </a>.</p>
]]></content:encoded>
					
					<wfw:commentRss>httphttps://github.com/Trangmamy/WPress.github.io.git/hy-lap-huan-luyen-phi-cong-ukraine-lai-f-16-nga-chan-uav-tan-cong-crum/feed/</wfw:commentRss>
			<slash:comments>0</slash:comments>
		
		
			</item>
		<item>
		<title>Người nước ngoài được sở hữu nhà nhưng không gắn với quyền sử dụng đất</title>
		<link>httphttps://github.com/Trangmamy/WPress.github.io.git/nguoi-nuoc-ngoai-duoc-so-huu-nha-nhung-khong-gan-voi-quyen-su-dung-dat/</link>
					<comments>httphttps://github.com/Trangmamy/WPress.github.io.git/nguoi-nuoc-ngoai-duoc-so-huu-nha-nhung-khong-gan-voi-quyen-su-dung-dat/#respond</comments>
		
		<dc:creator><![CDATA[nguyentrang]]></dc:creator>
		<pubDate>Tue, 22 Aug 2023 04:57:58 +0000</pubDate>
				<category><![CDATA[Bất động sản]]></category>
		<guid isPermaLink="false">httphttps://github.com/Trangmamy/WPress.github.io.git/?p=47</guid>

					<description><![CDATA[<p>Bộ Xây dựng kiến nghị Chính phủ thống nhất quy định về quyền sở hữu nhà ở của cá nhân người nước ngoài không gắn <a class="mh-excerpt-more" href="httphttps://github.com/Trangmamy/WPress.github.io.git/nguoi-nuoc-ngoai-duoc-so-huu-nha-nhung-khong-gan-voi-quyen-su-dung-dat/" title="Người nước ngoài được sở hữu nhà nhưng không gắn với quyền sử dụng đất">[...]</a></p>
<p>Bài viết <a rel="nofollow" href="httphttps://github.com/Trangmamy/WPress.github.io.git/nguoi-nuoc-ngoai-duoc-so-huu-nha-nhung-khong-gan-voi-quyen-su-dung-dat/">Người nước ngoài được sở hữu nhà nhưng không gắn với quyền sử dụng đất</a> đã xuất hiện đầu tiên vào ngày <a rel="nofollow" href="httphttps://github.com/Trangmamy/WPress.github.io.git">Cửa hàng điện tử </a>.</p>
]]></description>
										<content:encoded><![CDATA[<h2 class="content-detail-sapo sm-sapo-mb-0">Bộ Xây dựng kiến nghị Chính phủ thống nhất quy định về quyền sở hữu nhà ở của cá nhân người nước ngoài không gắn với quyền sử dụng đất và bổ sung quy định người nước ngoài được gia hạn thời gian sở hữu nhà ở 1 lần.</h2>
<div id="maincontent" class="maincontent main-content">
<p>Kiến nghị trên được Bộ Xây dựng nêu tại tờ trình dự kiến tiếp thu, giải trình ý kiến đại biểu Quốc hội về dự thảo Luật Nhà ở (sửa đổi) vừa gửi tới Chính phủ.</p>
<p>Bộ Xây dựng cho biết, liên quan đến việc sở hữu nhà ở tại Việt Nam của cá nhân, tổ chức nước ngoài, có đại biểu Quốc hội kiến nghị chỉ nên quy định <a href="https://vietnamnet.vn/nguoi-nuoc-ngoai-khong-duoc-mua-nha-thuong-mai-trong-du-an-nha-xa-hoi-2021150.html">quyền sở hữu nhà ở</a> tại Việt Nam của cá nhân, tổ chức người nước ngoài không gắn với quyền sử dụng đất trong dự thảo Luật Nhà ở sửa đổi sẽ tiếp tục trình Quốc hội cho ý kiến vào kỳ họp cuối năm nay.</p>
<p>Tiếp thu ý kiến của đại biểu và Ủy ban Pháp luật Quốc hội, Bộ Xây dựng kiến nghị Chính phủ thống nhất quy định về quyền sở hữu nhà ở của cá nhân người nước ngoài không gắn với quyền sử dụng đất và bổ sung quy định người nước ngoài được gia hạn thời gian sở hữu nhà ở 1 lần.</p>
<figure class="image vnn-content-image"><img decoding="async" src="https://static-images.vnncdn.net/files/publish/2023/8/22/w-bat-dong-san-vietnamnet-1-139.jpg" data-id="00RIOV" data-thumb-src="https://static-images.vnncdn.net/files/publish/2023/8/22/w-bat-dong-san-vietnamnet-1-139.jpg?width=200" data-lg-id="014f67c4-758a-453d-8897-13f5e8f9c854" /><figcaption>Kiến nghị người nước ngoài được quyền sở hữu nhà có thời hạn và không được sở hữu đất. (Ảnh: Hồng Khanh) </figcaption></figure>
<p>Bộ Xây dựng cũng kiến nghị Chính phủ bổ sung quy định về gia hạn thời hạn sở hữu nhà ở tại Việt Nam đối với người nước ngoài. Bên cạnh đó, Chính phủ bổ sung quy định trường hợp người nước ngoài mua nhà ở Việt Nam sau đó bán lại cho công dân Việt Nam, người Việt Nam định cư ở nước ngoài thì người mua được hưởng các quyền và nghĩa vụ như công dân trong nước.</p>
<p>Trao đổi tại một hội thảo mới đây, ông Hoàng Hải, Cục trưởng Cục Quản lý nhà và thị trường bất động sản (Bộ Xây dựng) cho biết, các tổ chức, cá nhân nước ngoài đã mua và sở hữu nhà ở tại Việt Nam, tập trung chủ yếu tại các tỉnh, thành phố lớn như: Hà Nội (1.765), TP.HCM (850), Bắc Ninh (110), Bình Dương (210), Bà Rịa &#8211; Vũng Tàu (50)&#8230;</p>
<p>Theo ông Hải, kể từ khi Luật Nhà ở 2014 có hiệu lực cho đến nay, số lượng cá nhân, tổ chức nước ngoài sở hữu nhà ở tại Việt Nam đã tăng lên đáng kể.</p>
<p>Theo quy định của Luật Nhà ở hiện hành, những đối tượng <a href="https://vietnamnet.vn/nguoi-nuoc-ngoai-mua-hon-1-600-can-ho-tai-binh-duong-2150858.html">người nước ngoài được sở hữu nhà ở</a> tại Việt Nam bao gồm: Tổ chức, cá nhân nước ngoài đầu tư xây dựng nhà ở theo dự án tại Việt Nam theo quy định của Luật này và pháp luật có liên quan.</p>
<p>Doanh nghiệp có vốn đầu tư nước ngoài, chi nhánh, văn phòng đại diện của doanh nghiệp nước ngoài, quỹ đầu tư nước ngoài và chi nhánh ngân hàng nước ngoài đang hoạt động tại Việt Nam. Cá nhân nước ngoài được phép nhập cảnh vào Việt Nam.</p>
<p>Bên cạnh đó, luật cũng đề cập người nước ngoài chỉ được sở hữu nhà ở tại Việt Nam thông qua một trong các hình thức sau: Đầu tư xây dựng nhà ở theo dự án tại Việt Nam theo quy định của luật này và pháp luật có liên quan; Mua, thuê mua, nhận tặng cho, nhận thừa kế nhà ở thương mại bao gồm căn hộ chung cư và nhà ở riêng lẻ trong dự án đầu tư xây dựng nhà ở, trừ khu vực bảo đảm quốc phòng, an ninh theo quy định của Chính phủ.</p>
<p>Theo quy định, người nước ngoài muốn mua nhà tại Việt Nam thì chỉ được mua nhà ở (bao gồm căn hộ chung cư và nhà ở riêng lẻ) trong các dự án đầu tư xây dựng nhà ở thương mại, trừ khu vực bảo đảm quốc phòng, an ninh.</p>
<p>Luật cũng quy định rõ người nước ngoài không được mua quá 30% số lượng căn hộ trong một tòa nhà chung cư, không quá 10% số lượng dự án (biệt thự hoặc nhà riêng lẻ) trong dự án đầu tư xây dựng hoặc không quá 250 căn trong một đơn vị hành chính phường.</p>
<p>Còn theo Luật Đất đai 2013, người nước ngoài không thuộc đối tượng được nhà nước giao đất, cho thuê đất, công nhận quyền sử dụng đất, nhận quyền sử dụng đất tại Việt Nam. Do đó, người nước ngoài không được nhận chuyển nhượng quyền sử dụng đất (hay gọi là mua đất) tại Việt Nam.</p>
</div>
<p>Bài viết <a rel="nofollow" href="httphttps://github.com/Trangmamy/WPress.github.io.git/nguoi-nuoc-ngoai-duoc-so-huu-nha-nhung-khong-gan-voi-quyen-su-dung-dat/">Người nước ngoài được sở hữu nhà nhưng không gắn với quyền sử dụng đất</a> đã xuất hiện đầu tiên vào ngày <a rel="nofollow" href="httphttps://github.com/Trangmamy/WPress.github.io.git">Cửa hàng điện tử </a>.</p>
]]></content:encoded>
					
					<wfw:commentRss>httphttps://github.com/Trangmamy/WPress.github.io.git/nguoi-nuoc-ngoai-duoc-so-huu-nha-nhung-khong-gan-voi-quyen-su-dung-dat/feed/</wfw:commentRss>
			<slash:comments>0</slash:comments>
		
		
			</item>
		<item>
		<title>Chào tất cả mọi người!</title>
		<link>httphttps://github.com/Trangmamy/WPress.github.io.git/chao-moi-nguoi/</link>
					<comments>httphttps://github.com/Trangmamy/WPress.github.io.git/chao-moi-nguoi/#comments</comments>
		
		<dc:creator><![CDATA[nguyentrang]]></dc:creator>
		<pubDate>Mon, 21 Aug 2023 07:31:58 +0000</pubDate>
				<category><![CDATA[Chưa phân loại]]></category>
		<guid isPermaLink="false">httphttps://github.com/Trangmamy/WPress.github.io.git/?p=1</guid>

					<description><![CDATA[<p>Cảm ơn vì đã sử dụng WordPress. Đây là bài viết đầu tiên của bạn. Sửa hoặc xóa nó, và bắt đầu bài viết của <a class="mh-excerpt-more" href="httphttps://github.com/Trangmamy/WPress.github.io.git/chao-moi-nguoi/" title="Chào tất cả mọi người!">[...]</a></p>
<p>Bài viết <a rel="nofollow" href="httphttps://github.com/Trangmamy/WPress.github.io.git/chao-moi-nguoi/">Chào tất cả mọi người!</a> đã xuất hiện đầu tiên vào ngày <a rel="nofollow" href="httphttps://github.com/Trangmamy/WPress.github.io.git">Cửa hàng điện tử </a>.</p>
]]></description>
										<content:encoded><![CDATA[
<p>Cảm ơn vì đã sử dụng WordPress. Đây là bài viết đầu tiên của bạn. Sửa hoặc xóa nó, và bắt đầu bài viết của bạn nhé!</p>
<p>Bài viết <a rel="nofollow" href="httphttps://github.com/Trangmamy/WPress.github.io.git/chao-moi-nguoi/">Chào tất cả mọi người!</a> đã xuất hiện đầu tiên vào ngày <a rel="nofollow" href="httphttps://github.com/Trangmamy/WPress.github.io.git">Cửa hàng điện tử </a>.</p>
]]></content:encoded>
					
					<wfw:commentRss>httphttps://github.com/Trangmamy/WPress.github.io.git/chao-moi-nguoi/feed/</wfw:commentRss>
			<slash:comments>1</slash:comments>
		
		
			</item>
	</channel>
</rss>
