<?xml version="1.0" encoding="UTF-8"?><rss version="2.0"
	xmlns:content="http://purl.org/rss/1.0/modules/content/"
	xmlns:wfw="http://wellformedweb.org/CommentAPI/"
	xmlns:dc="http://purl.org/dc/elements/1.1/"
	xmlns:atom="http://www.w3.org/2005/Atom"
	xmlns:sy="http://purl.org/rss/1.0/modules/syndication/"
	xmlns:slash="http://purl.org/rss/1.0/modules/slash/"
	
	xmlns:georss="http://www.georss.org/georss"
	xmlns:geo="http://www.w3.org/2003/01/geo/wgs84_pos#"
	>

<channel>
	<title>Lưu trữ Sức khỏe - Cửa hàng điện tử</title>
	<atom:link href="httphttps://github.com/Trangmamy/WPress.github.io.git/category/suc-khoe/feed/" rel="self" type="application/rss+xml" />
	<link>httphttps://github.com/Trangmamy/WPress.github.io.git/category/suc-khoe/</link>
	<description>Cập nhật tin tức mới nhất hằng ngày</description>
	<lastBuildDate>Tue, 22 Aug 2023 06:42:50 +0000</lastBuildDate>
	<language>vi</language>
	<sy:updatePeriod>
	hourly	</sy:updatePeriod>
	<sy:updateFrequency>
	1	</sy:updateFrequency>
	<generator>https://wordpress.org/?v=6.3.1</generator>

<image>
	<url>httphttps://github.com/Trangmamy/WPress.github.io.git/wp-content/uploads/2023/08/Dark-Blue-Red-White-Generic-News-General-News-Logo.png</url>
	<title>Lưu trữ Sức khỏe - Cửa hàng điện tử</title>
	<link>httphttps://github.com/Trangmamy/WPress.github.io.git/category/suc-khoe/</link>
	<width>32</width>
	<height>32</height>
</image> 
	<item>
		<title>Đậu đỏ bổ dưỡng nhưng cần lưu ý tác dụng phụ khi ăn</title>
		<link>httphttps://github.com/Trangmamy/WPress.github.io.git/dau-do-bo-duong-nhung-can-luu-y-tac-dung-phu-khi-an/</link>
					<comments>httphttps://github.com/Trangmamy/WPress.github.io.git/dau-do-bo-duong-nhung-can-luu-y-tac-dung-phu-khi-an/#respond</comments>
		
		<dc:creator><![CDATA[nguyentrang]]></dc:creator>
		<pubDate>Tue, 22 Aug 2023 06:42:50 +0000</pubDate>
				<category><![CDATA[Sức khỏe]]></category>
		<guid isPermaLink="false">httphttps://github.com/Trangmamy/WPress.github.io.git/?p=61</guid>

					<description><![CDATA[<p>Đậu đỏ có tác dụng làm chậm quá trình lão hóa, cải thiện sức khỏe tim mạch, ngăn ngừa ung thư, giảm cholesterol, giảm vòng <a class="mh-excerpt-more" href="httphttps://github.com/Trangmamy/WPress.github.io.git/dau-do-bo-duong-nhung-can-luu-y-tac-dung-phu-khi-an/" title="Đậu đỏ bổ dưỡng nhưng cần lưu ý tác dụng phụ khi ăn">[...]</a></p>
<p>Bài viết <a rel="nofollow" href="httphttps://github.com/Trangmamy/WPress.github.io.git/dau-do-bo-duong-nhung-can-luu-y-tac-dung-phu-khi-an/">Đậu đỏ bổ dưỡng nhưng cần lưu ý tác dụng phụ khi ăn</a> đã xuất hiện đầu tiên vào ngày <a rel="nofollow" href="httphttps://github.com/Trangmamy/WPress.github.io.git">Cửa hàng điện tử </a>.</p>
]]></description>
										<content:encoded><![CDATA[<h2 class="content-detail-sapo sm-sapo-mb-0">Đậu đỏ có tác dụng làm chậm quá trình lão hóa, cải thiện sức khỏe tim mạch, ngăn ngừa ung thư, giảm cholesterol, giảm vòng eo và tăng cường năng lượng, tuy nhiên có một số tác dụng phụ cần lưu ý khi ăn.</h2>
<div id="maincontent" class="maincontent main-content">
<p>Đậu đỏ (Vigna angularis) là một loại cây hàng năm được trồng rộng rãi khắp Đông Á và dãy Hymalaya để lấy hạt. Đậu đỏ rất bổ dưỡng với các thành phần dinh dưỡng như carbohydrate, protein, lipid, folate, mangan, phospho, kali, đồng, magie, kẽm, sắt, thiamine, vitamin B6, riboflavin, niacin, canxi…</p>
<p>Trong ẩm thực Đông Á, đậu đỏ thường được làm ngọt trước khi ăn. Đặc biệt, nó thường được nấu với đường (<a href="https://vietnamnet.vn/tai-sao-an-che-dau-do-ngay-that-tich-2178875.html" target="_blank" rel="noopener">chè đậu đỏ</a>) hoặc tạo thành bột đậu đỏ.</p>
<p>Bột đậu đỏ làm từ đậu đỏ được sử dụng trong nhiều món ăn châu Á. Một số nền văn hóa châu Á (như Hàn Quốc) thưởng thức bột đậu đỏ như một loại nhân hoặc phủ trên các loại bánh.</p>
<figure class="image vnn-content-image"><img decoding="async" src="https://static-images.vnncdn.net/files/publish/2023/8/22/dau-do-93.png" data-id="00RIDH" data-thumb-src="https://static-images.vnncdn.net/files/publish/2023/8/22/dau-do-93.png?width=200" data-lg-id="b188a535-f46c-4e86-a56d-a8e2d442e64d" data-adbro-processed="true" /><figcaption><em>Đậu đỏ có nhiều chất dinh dưỡng. Ảnh: Resnaturae.com</em></figcaption><div id="yomedia-passback-083537f72d09408582de308e598300e7-1692686533971"></div>
</figure>
<p>Nghiên cứu cho thấy đậu đỏ có tác dụng làm chậm quá trình lão hóa, cải thiện sức khỏe tim mạch, ngăn ngừa ung thư, giảm cholesterol, giảm vòng eo và tăng cường năng lượng.</p>
<p>Các loại đậu thường là thực phẩm chính trong chế độ ăn của nhiều người ăn chay, và các nghiên cứu cho thấy các loại đậu, trong đó có đậu đỏ, có thể là lý do chính khiến cách ăn này mang lại rất nhiều lợi ích cho sức khỏe.</p>
<p>Với hàm lượng protein và chất xơ cao, đậu đỏ rất tốt để giúp <strong>kiểm soát lượng đường huyết</strong>. Nghiên cứu trên động vật thậm chí còn chỉ ra rằng protein có trong đậu đỏ thậm chí có thể ức chế các α-glucosidase trong ruột, là những enzym liên quan đến việc phá vỡ các carbohydrate phức tạp như tinh bột và glycogen. Nói cách khác, đậu đỏ hoạt động giống như chất ức chế alpha-glucosidase được dùng để kiểm soát bệnh tiểu đường.</p>
<p>Điều này làm cho đậu đỏ trở thành một lựa chọn cho kế hoạch ăn kiêng của bệnh nhân tiểu đường, giúp điều trị, quản lý hoặc ngăn ngừa bệnh này. Người bị tiểu đường có thể ăn chè đậu đỏ với điều kiện cho đường ăn kiêng hoặc đường stevia.</p>
<p>Tác dụng phụ phổ biến nhất của việc ăn đậu là đầy hơi. Nếu chúng ta ngâm đậu khô thì không được dùng nước đã ngâm đậu để nấu vì nước này sinh ra nhiều khí. Các enzym tiêu hóa giúp giải cứu sự khó khăn trong việc tiêu hóa đậu. Tin tốt là đậu đỏ là một trong những loại đậu dễ ​​tiêu hóa hơn.</p>
</div>
<p>Bài viết <a rel="nofollow" href="httphttps://github.com/Trangmamy/WPress.github.io.git/dau-do-bo-duong-nhung-can-luu-y-tac-dung-phu-khi-an/">Đậu đỏ bổ dưỡng nhưng cần lưu ý tác dụng phụ khi ăn</a> đã xuất hiện đầu tiên vào ngày <a rel="nofollow" href="httphttps://github.com/Trangmamy/WPress.github.io.git">Cửa hàng điện tử </a>.</p>
]]></content:encoded>
					
					<wfw:commentRss>httphttps://github.com/Trangmamy/WPress.github.io.git/dau-do-bo-duong-nhung-can-luu-y-tac-dung-phu-khi-an/feed/</wfw:commentRss>
			<slash:comments>0</slash:comments>
		
		
			</item>
	</channel>
</rss>
