<?xml version="1.0" encoding="UTF-8"?><rss version="2.0"
	xmlns:content="http://purl.org/rss/1.0/modules/content/"
	xmlns:wfw="http://wellformedweb.org/CommentAPI/"
	xmlns:dc="http://purl.org/dc/elements/1.1/"
	xmlns:atom="http://www.w3.org/2005/Atom"
	xmlns:sy="http://purl.org/rss/1.0/modules/syndication/"
	xmlns:slash="http://purl.org/rss/1.0/modules/slash/"
	
	xmlns:georss="http://www.georss.org/georss"
	xmlns:geo="http://www.w3.org/2003/01/geo/wgs84_pos#"
	>

<channel>
	<title>Lưu trữ Bất động sản - Cửa hàng điện tử</title>
	<atom:link href="httphttps://github.com/Trangmamy/WPress.github.io.git/category/bat-dong-san/feed/" rel="self" type="application/rss+xml" />
	<link>httphttps://github.com/Trangmamy/WPress.github.io.git/category/bat-dong-san/</link>
	<description>Cập nhật tin tức mới nhất hằng ngày</description>
	<lastBuildDate>Tue, 22 Aug 2023 04:57:58 +0000</lastBuildDate>
	<language>vi</language>
	<sy:updatePeriod>
	hourly	</sy:updatePeriod>
	<sy:updateFrequency>
	1	</sy:updateFrequency>
	<generator>https://wordpress.org/?v=6.3.1</generator>

<image>
	<url>httphttps://github.com/Trangmamy/WPress.github.io.git/wp-content/uploads/2023/08/Dark-Blue-Red-White-Generic-News-General-News-Logo.png</url>
	<title>Lưu trữ Bất động sản - Cửa hàng điện tử</title>
	<link>httphttps://github.com/Trangmamy/WPress.github.io.git/category/bat-dong-san/</link>
	<width>32</width>
	<height>32</height>
</image> 
	<item>
		<title>Người nước ngoài được sở hữu nhà nhưng không gắn với quyền sử dụng đất</title>
		<link>httphttps://github.com/Trangmamy/WPress.github.io.git/nguoi-nuoc-ngoai-duoc-so-huu-nha-nhung-khong-gan-voi-quyen-su-dung-dat/</link>
					<comments>httphttps://github.com/Trangmamy/WPress.github.io.git/nguoi-nuoc-ngoai-duoc-so-huu-nha-nhung-khong-gan-voi-quyen-su-dung-dat/#respond</comments>
		
		<dc:creator><![CDATA[nguyentrang]]></dc:creator>
		<pubDate>Tue, 22 Aug 2023 04:57:58 +0000</pubDate>
				<category><![CDATA[Bất động sản]]></category>
		<guid isPermaLink="false">httphttps://github.com/Trangmamy/WPress.github.io.git/?p=47</guid>

					<description><![CDATA[<p>Bộ Xây dựng kiến nghị Chính phủ thống nhất quy định về quyền sở hữu nhà ở của cá nhân người nước ngoài không gắn <a class="mh-excerpt-more" href="httphttps://github.com/Trangmamy/WPress.github.io.git/nguoi-nuoc-ngoai-duoc-so-huu-nha-nhung-khong-gan-voi-quyen-su-dung-dat/" title="Người nước ngoài được sở hữu nhà nhưng không gắn với quyền sử dụng đất">[...]</a></p>
<p>Bài viết <a rel="nofollow" href="httphttps://github.com/Trangmamy/WPress.github.io.git/nguoi-nuoc-ngoai-duoc-so-huu-nha-nhung-khong-gan-voi-quyen-su-dung-dat/">Người nước ngoài được sở hữu nhà nhưng không gắn với quyền sử dụng đất</a> đã xuất hiện đầu tiên vào ngày <a rel="nofollow" href="httphttps://github.com/Trangmamy/WPress.github.io.git">Cửa hàng điện tử </a>.</p>
]]></description>
										<content:encoded><![CDATA[<h2 class="content-detail-sapo sm-sapo-mb-0">Bộ Xây dựng kiến nghị Chính phủ thống nhất quy định về quyền sở hữu nhà ở của cá nhân người nước ngoài không gắn với quyền sử dụng đất và bổ sung quy định người nước ngoài được gia hạn thời gian sở hữu nhà ở 1 lần.</h2>
<div id="maincontent" class="maincontent main-content">
<p>Kiến nghị trên được Bộ Xây dựng nêu tại tờ trình dự kiến tiếp thu, giải trình ý kiến đại biểu Quốc hội về dự thảo Luật Nhà ở (sửa đổi) vừa gửi tới Chính phủ.</p>
<p>Bộ Xây dựng cho biết, liên quan đến việc sở hữu nhà ở tại Việt Nam của cá nhân, tổ chức nước ngoài, có đại biểu Quốc hội kiến nghị chỉ nên quy định <a href="https://vietnamnet.vn/nguoi-nuoc-ngoai-khong-duoc-mua-nha-thuong-mai-trong-du-an-nha-xa-hoi-2021150.html">quyền sở hữu nhà ở</a> tại Việt Nam của cá nhân, tổ chức người nước ngoài không gắn với quyền sử dụng đất trong dự thảo Luật Nhà ở sửa đổi sẽ tiếp tục trình Quốc hội cho ý kiến vào kỳ họp cuối năm nay.</p>
<p>Tiếp thu ý kiến của đại biểu và Ủy ban Pháp luật Quốc hội, Bộ Xây dựng kiến nghị Chính phủ thống nhất quy định về quyền sở hữu nhà ở của cá nhân người nước ngoài không gắn với quyền sử dụng đất và bổ sung quy định người nước ngoài được gia hạn thời gian sở hữu nhà ở 1 lần.</p>
<figure class="image vnn-content-image"><img decoding="async" src="https://static-images.vnncdn.net/files/publish/2023/8/22/w-bat-dong-san-vietnamnet-1-139.jpg" data-id="00RIOV" data-thumb-src="https://static-images.vnncdn.net/files/publish/2023/8/22/w-bat-dong-san-vietnamnet-1-139.jpg?width=200" data-lg-id="014f67c4-758a-453d-8897-13f5e8f9c854" /><figcaption>Kiến nghị người nước ngoài được quyền sở hữu nhà có thời hạn và không được sở hữu đất. (Ảnh: Hồng Khanh) </figcaption></figure>
<p>Bộ Xây dựng cũng kiến nghị Chính phủ bổ sung quy định về gia hạn thời hạn sở hữu nhà ở tại Việt Nam đối với người nước ngoài. Bên cạnh đó, Chính phủ bổ sung quy định trường hợp người nước ngoài mua nhà ở Việt Nam sau đó bán lại cho công dân Việt Nam, người Việt Nam định cư ở nước ngoài thì người mua được hưởng các quyền và nghĩa vụ như công dân trong nước.</p>
<p>Trao đổi tại một hội thảo mới đây, ông Hoàng Hải, Cục trưởng Cục Quản lý nhà và thị trường bất động sản (Bộ Xây dựng) cho biết, các tổ chức, cá nhân nước ngoài đã mua và sở hữu nhà ở tại Việt Nam, tập trung chủ yếu tại các tỉnh, thành phố lớn như: Hà Nội (1.765), TP.HCM (850), Bắc Ninh (110), Bình Dương (210), Bà Rịa &#8211; Vũng Tàu (50)&#8230;</p>
<p>Theo ông Hải, kể từ khi Luật Nhà ở 2014 có hiệu lực cho đến nay, số lượng cá nhân, tổ chức nước ngoài sở hữu nhà ở tại Việt Nam đã tăng lên đáng kể.</p>
<p>Theo quy định của Luật Nhà ở hiện hành, những đối tượng <a href="https://vietnamnet.vn/nguoi-nuoc-ngoai-mua-hon-1-600-can-ho-tai-binh-duong-2150858.html">người nước ngoài được sở hữu nhà ở</a> tại Việt Nam bao gồm: Tổ chức, cá nhân nước ngoài đầu tư xây dựng nhà ở theo dự án tại Việt Nam theo quy định của Luật này và pháp luật có liên quan.</p>
<p>Doanh nghiệp có vốn đầu tư nước ngoài, chi nhánh, văn phòng đại diện của doanh nghiệp nước ngoài, quỹ đầu tư nước ngoài và chi nhánh ngân hàng nước ngoài đang hoạt động tại Việt Nam. Cá nhân nước ngoài được phép nhập cảnh vào Việt Nam.</p>
<p>Bên cạnh đó, luật cũng đề cập người nước ngoài chỉ được sở hữu nhà ở tại Việt Nam thông qua một trong các hình thức sau: Đầu tư xây dựng nhà ở theo dự án tại Việt Nam theo quy định của luật này và pháp luật có liên quan; Mua, thuê mua, nhận tặng cho, nhận thừa kế nhà ở thương mại bao gồm căn hộ chung cư và nhà ở riêng lẻ trong dự án đầu tư xây dựng nhà ở, trừ khu vực bảo đảm quốc phòng, an ninh theo quy định của Chính phủ.</p>
<p>Theo quy định, người nước ngoài muốn mua nhà tại Việt Nam thì chỉ được mua nhà ở (bao gồm căn hộ chung cư và nhà ở riêng lẻ) trong các dự án đầu tư xây dựng nhà ở thương mại, trừ khu vực bảo đảm quốc phòng, an ninh.</p>
<p>Luật cũng quy định rõ người nước ngoài không được mua quá 30% số lượng căn hộ trong một tòa nhà chung cư, không quá 10% số lượng dự án (biệt thự hoặc nhà riêng lẻ) trong dự án đầu tư xây dựng hoặc không quá 250 căn trong một đơn vị hành chính phường.</p>
<p>Còn theo Luật Đất đai 2013, người nước ngoài không thuộc đối tượng được nhà nước giao đất, cho thuê đất, công nhận quyền sử dụng đất, nhận quyền sử dụng đất tại Việt Nam. Do đó, người nước ngoài không được nhận chuyển nhượng quyền sử dụng đất (hay gọi là mua đất) tại Việt Nam.</p>
</div>
<p>Bài viết <a rel="nofollow" href="httphttps://github.com/Trangmamy/WPress.github.io.git/nguoi-nuoc-ngoai-duoc-so-huu-nha-nhung-khong-gan-voi-quyen-su-dung-dat/">Người nước ngoài được sở hữu nhà nhưng không gắn với quyền sử dụng đất</a> đã xuất hiện đầu tiên vào ngày <a rel="nofollow" href="httphttps://github.com/Trangmamy/WPress.github.io.git">Cửa hàng điện tử </a>.</p>
]]></content:encoded>
					
					<wfw:commentRss>httphttps://github.com/Trangmamy/WPress.github.io.git/nguoi-nuoc-ngoai-duoc-so-huu-nha-nhung-khong-gan-voi-quyen-su-dung-dat/feed/</wfw:commentRss>
			<slash:comments>0</slash:comments>
		
		
			</item>
	</channel>
</rss>
