<?xml version="1.0" encoding="UTF-8"?><rss version="2.0"
	xmlns:content="http://purl.org/rss/1.0/modules/content/"
	xmlns:wfw="http://wellformedweb.org/CommentAPI/"
	xmlns:dc="http://purl.org/dc/elements/1.1/"
	xmlns:atom="http://www.w3.org/2005/Atom"
	xmlns:sy="http://purl.org/rss/1.0/modules/syndication/"
	xmlns:slash="http://purl.org/rss/1.0/modules/slash/"
	
	xmlns:georss="http://www.georss.org/georss"
	xmlns:geo="http://www.w3.org/2003/01/geo/wgs84_pos#"
	>

<channel>
	<title>Lưu trữ Tin tức - Cửa hàng điện tử</title>
	<atom:link href="httphttps://github.com/Trangmamy/WPress.github.io.git/category/tin-tuc/feed/" rel="self" type="application/rss+xml" />
	<link>httphttps://github.com/Trangmamy/WPress.github.io.git/category/tin-tuc/</link>
	<description>Cập nhật tin tức mới nhất hằng ngày</description>
	<lastBuildDate>Mon, 28 Aug 2023 07:11:30 +0000</lastBuildDate>
	<language>vi</language>
	<sy:updatePeriod>
	hourly	</sy:updatePeriod>
	<sy:updateFrequency>
	1	</sy:updateFrequency>
	<generator>https://wordpress.org/?v=6.3.1</generator>

<image>
	<url>httphttps://github.com/Trangmamy/WPress.github.io.git/wp-content/uploads/2023/08/Dark-Blue-Red-White-Generic-News-General-News-Logo.png</url>
	<title>Lưu trữ Tin tức - Cửa hàng điện tử</title>
	<link>httphttps://github.com/Trangmamy/WPress.github.io.git/category/tin-tuc/</link>
	<width>32</width>
	<height>32</height>
</image> 
</channel>
</rss>
