<?xml version="1.0" encoding="UTF-8"?><rss version="2.0"
	xmlns:content="http://purl.org/rss/1.0/modules/content/"
	xmlns:dc="http://purl.org/dc/elements/1.1/"
	xmlns:atom="http://www.w3.org/2005/Atom"
	xmlns:sy="http://purl.org/rss/1.0/modules/syndication/"
	
	xmlns:georss="http://www.georss.org/georss"
	xmlns:geo="http://www.w3.org/2003/01/geo/wgs84_pos#"
	
	>
<channel>
	<title>
	Các phản hồi luận về: Hy Lạp huấn luyện phi công Ukraine lái F-16, Nga chặn UAV tấn công Crưm	</title>
	<atom:link href="httphttps://github.com/Trangmamy/WPress.github.io.git/hy-lap-huan-luyen-phi-cong-ukraine-lai-f-16-nga-chan-uav-tan-cong-crum/feed/" rel="self" type="application/rss+xml" />
	<link>httphttps://github.com/Trangmamy/WPress.github.io.git/hy-lap-huan-luyen-phi-cong-ukraine-lai-f-16-nga-chan-uav-tan-cong-crum/</link>
	<description>Cập nhật tin tức mới nhất hằng ngày</description>
	<lastBuildDate>Tue, 22 Aug 2023 06:37:59 +0000</lastBuildDate>
	<sy:updatePeriod>
	hourly	</sy:updatePeriod>
	<sy:updateFrequency>
	1	</sy:updateFrequency>
	<generator>https://wordpress.org/?v=6.3.1</generator>
</channel>
</rss>
