<?xml version="1.0" encoding="UTF-8"?><rss version="2.0"
	xmlns:content="http://purl.org/rss/1.0/modules/content/"
	xmlns:wfw="http://wellformedweb.org/CommentAPI/"
	xmlns:dc="http://purl.org/dc/elements/1.1/"
	xmlns:atom="http://www.w3.org/2005/Atom"
	xmlns:sy="http://purl.org/rss/1.0/modules/syndication/"
	xmlns:slash="http://purl.org/rss/1.0/modules/slash/"
	
	xmlns:georss="http://www.georss.org/georss"
	xmlns:geo="http://www.w3.org/2003/01/geo/wgs84_pos#"
	>

<channel>
	<title>Lưu trữ Giải trí - Cửa hàng điện tử</title>
	<atom:link href="httphttps://github.com/Trangmamy/WPress.github.io.git/category/giai-tri/feed/" rel="self" type="application/rss+xml" />
	<link>httphttps://github.com/Trangmamy/WPress.github.io.git/category/giai-tri/</link>
	<description>Cập nhật tin tức mới nhất hằng ngày</description>
	<lastBuildDate>Tue, 22 Aug 2023 06:39:53 +0000</lastBuildDate>
	<language>vi</language>
	<sy:updatePeriod>
	hourly	</sy:updatePeriod>
	<sy:updateFrequency>
	1	</sy:updateFrequency>
	<generator>https://wordpress.org/?v=6.3.1</generator>

<image>
	<url>httphttps://github.com/Trangmamy/WPress.github.io.git/wp-content/uploads/2023/08/Dark-Blue-Red-White-Generic-News-General-News-Logo.png</url>
	<title>Lưu trữ Giải trí - Cửa hàng điện tử</title>
	<link>httphttps://github.com/Trangmamy/WPress.github.io.git/category/giai-tri/</link>
	<width>32</width>
	<height>32</height>
</image> 
	<item>
		<title>Tóc Tiên gợi cảm với set hàng hiệu, Thuỳ Tiên đầm trắng sexy</title>
		<link>httphttps://github.com/Trangmamy/WPress.github.io.git/toc-tien-goi-cam-voi-set-hang-hieu-thuy-tien-dam-trang-sexy/</link>
					<comments>httphttps://github.com/Trangmamy/WPress.github.io.git/toc-tien-goi-cam-voi-set-hang-hieu-thuy-tien-dam-trang-sexy/#comments</comments>
		
		<dc:creator><![CDATA[nguyentrang]]></dc:creator>
		<pubDate>Tue, 22 Aug 2023 06:39:53 +0000</pubDate>
				<category><![CDATA[Giải trí]]></category>
		<guid isPermaLink="false">httphttps://github.com/Trangmamy/WPress.github.io.git/?p=53</guid>

					<description><![CDATA[<p>Tóc Tiên khoe vòng 1 gợi cảm với áo cut out của thương hiệu nổi tiếng. Thuỳ Tiên toát lên thần thái nữ hoàng khi <a class="mh-excerpt-more" href="httphttps://github.com/Trangmamy/WPress.github.io.git/toc-tien-goi-cam-voi-set-hang-hieu-thuy-tien-dam-trang-sexy/" title="Tóc Tiên gợi cảm với set hàng hiệu, Thuỳ Tiên đầm trắng sexy">[...]</a></p>
<p>Bài viết <a rel="nofollow" href="httphttps://github.com/Trangmamy/WPress.github.io.git/toc-tien-goi-cam-voi-set-hang-hieu-thuy-tien-dam-trang-sexy/">Tóc Tiên gợi cảm với set hàng hiệu, Thuỳ Tiên đầm trắng sexy</a> đã xuất hiện đầu tiên vào ngày <a rel="nofollow" href="httphttps://github.com/Trangmamy/WPress.github.io.git">Cửa hàng điện tử </a>.</p>
]]></description>
										<content:encoded><![CDATA[<h2 class="content-detail-sapo sm-sapo-mb-0">Tóc Tiên khoe vòng 1 gợi cảm với áo cut out của thương hiệu nổi tiếng. Thuỳ Tiên toát lên thần thái nữ hoàng khi diện thiết kế màu trắng sexy.</h2>
<div id="maincontent" class="maincontent main-content">
<figure class="image vnn-content-image"><img decoding="async" src="https://static-images.vnncdn.net/files/publish/2023/8/21/sao-1-416.jpg" data-id="00RUPU" data-thumb-src="https://static-images.vnncdn.net/files/publish/2023/8/21/sao-1-416.jpg?width=200" data-lg-id="6c885ff2-4cd1-4509-9b2d-2fc29db1995c" /><figcaption><em><a href="https://vietnamnet.vn/toc-tien-tag1570845356682587881.html">Tóc Tiên</a> gợi cảm trong set đồ hiệu tone nâu kèm hoạ tiết logo của nhà mốt với áo hai dây cut-out và chân váy khoá kéo cá tính. Nữ ca sĩ phối cùng boots da mũi nhọn đồng bộ.</em></figcaption></figure>
<figure class="image vnn-content-image"><img decoding="async" src="https://static-images.vnncdn.net/files/publish/2023/8/21/sao-2-417.jpg" data-id="00RUPR" data-thumb-src="https://static-images.vnncdn.net/files/publish/2023/8/21/sao-2-417.jpg?width=200" data-lg-id="85b89587-1661-4a63-bbb7-b8683d1cba88" data-adbro-processed="true" /><figcaption><em><a href="https://vietnamnet.vn/lan-khue-tag13884360876163016808.html">Lan Khuê </a>sắc sảo với tạo hình mang phong cách cổ trang khi diện trang phục tone đen &#8211; đỏ gồm áo độn vai và váy in chữ sành điệu. Người đẹp chọn trâm cài đầu màu sắc và trang sức kim loại.</em></figcaption><div id="yomedia-passback-083537f72d09408582de308e598300e7-1692686357707"></div>
</figure>
<figure class="image vnn-content-image"><img decoding="async" src="https://static-images.vnncdn.net/files/publish/2023/8/21/sao-3-418.jpg" data-id="00RUPF" data-thumb-src="https://static-images.vnncdn.net/files/publish/2023/8/21/sao-3-418.jpg?width=200" data-lg-id="2ab659ec-3f6d-4847-8ed3-f91e677e1811" /><figcaption><em>Bảo Ngọc khoe vóc dáng thanh mảnh trong thiết kế lệch vai màu đen với các đường cắt xẻ táo bạo. Cô kết hợp cùng phụ kiện màu vàng và trang điểm nhấn vào đôi mắt.</em></figcaption></figure>
<figure class="image vnn-content-image"><img decoding="async" src="https://static-images.vnncdn.net/files/publish/2023/8/21/sao-4-419.jpg" data-id="00RUPT" data-thumb-src="https://static-images.vnncdn.net/files/publish/2023/8/21/sao-4-419.jpg?width=200" data-lg-id="41b337e7-10a7-44f6-a91b-198055982f71" /><figcaption><em>Tiểu Vy đẹp mong manh trong thiết kế hình cánh bướm được đính kết cầu kỳ tại thân trên và thả tua rua tại thân dưới. Nàng hậu tiết chế phụ kiện, trang điểm với tone màu cam đỏ trong veo và để tóc búi đuôi gà.</em></figcaption></figure>
<figure class="image vnn-content-image"><img decoding="async" src="https://static-images.vnncdn.net/files/publish/2023/8/21/sao-5-420.jpg" data-id="00RUPY" data-thumb-src="https://static-images.vnncdn.net/files/publish/2023/8/21/sao-5-420.jpg?width=200" data-lg-id="d0d5b08f-898d-47cc-93a7-dcb72f895fcd" /><figcaption><em>Á hậu Ngọc Hằng tạo dáng với chiếc váy dạ hội cúp ngực tôn bờ vai gầy và phần tà dài làm nổi bật đôi chân thon. Cô phối cùng bông tai dáng dài và sandal đan dây để hoàn thiện trang phục. </em></figcaption></figure>
<figure class="image vnn-content-image"><img decoding="async" src="https://static-images.vnncdn.net/files/publish/2023/8/21/sao-6-421.jpg" data-id="00RUPE" data-thumb-src="https://static-images.vnncdn.net/files/publish/2023/8/21/sao-6-421.jpg?width=200" data-lg-id="1171cf65-44fe-4080-9bf5-fc79be8370ef" /><figcaption><em>Minh Tú bước đi uyển chuyển trong thiết kế dáng dài có phần đan dây khá mới mẻ cùng phần tà xẻ cao giúp người mặc thuận tiện di chuyển. Cô phối cùng găng tay lưới và phụ kiện sáng màu để tổng thể thêm cuốn hút.</em></figcaption></figure>
<figure class="image vnn-content-image"><img decoding="async" src="https://static-images.vnncdn.net/files/publish/2023/8/21/sao-7-422.jpg" data-id="00RUPI" data-thumb-src="https://static-images.vnncdn.net/files/publish/2023/8/21/sao-7-422.jpg?width=200" data-lg-id="3cd09458-cbd2-4b7c-969b-4f13d2e8c50d" /><figcaption><em><a href="https://vietnamnet.vn/hoa-hau-huong-giang-tag290959468142819338.html">Hương Giang</a> gây ấn tượng với cả cây đỏ gồm váy dài tay. Nàng hậu để tóc ngắn mái bằng cổ điển và chọn màu son đỏ đồng điệu với trang phục.</em></figcaption></figure>
<figure class="image vnn-content-image"><img decoding="async" src="https://static-images.vnncdn.net/files/publish/2023/8/21/sao-8-423.jpg" data-id="00RUPO" data-thumb-src="https://static-images.vnncdn.net/files/publish/2023/8/21/sao-8-423.jpg?width=200" data-lg-id="f950d040-e754-4f0e-b5d8-90f11d005c4c" /><figcaption><em>Màu xanh neon kén người mặc không làm khó H&#8217;Hen Niê khi được thiết kế với kiểu dáng dài, phần cổ đổ mềm mại và đính đá nhẹ nhàng tại eo. Cô kết hợp với giày cao gót đồng màu và để tóc búi cao thanh lịch.</em></figcaption></figure>
<figure class="image vnn-content-image"><img decoding="async" src="https://static-images.vnncdn.net/files/publish/2023/8/21/sao-9-424.jpg" data-id="00RUPP" data-thumb-src="https://static-images.vnncdn.net/files/publish/2023/8/21/sao-9-424.jpg?width=200" data-lg-id="ce2ee5d3-a1f0-44d6-be85-e4de2f13bce0" /><figcaption><em>Ngọc Châu khoe đôi chân siêu mẫu với set đồ tone xanh &#8211; trắng khá bụi bặm gồm áo dài tay trễ vai và váy xếp ly giả denim. Nàng hậu phối cùng kính mát màu trong, bông tai bạc và boots cổ lửng màu trắng.</em></figcaption></figure>
<figure class="image vnn-content-image"><img decoding="async" src="https://static-images.vnncdn.net/files/publish/2023/8/21/sao-10-425.jpg" data-id="00RUPA" data-thumb-src="https://static-images.vnncdn.net/files/publish/2023/8/21/sao-10-425.jpg?width=200" data-lg-id="c7aa2c17-cd37-49ed-b439-a716e645c540" /><figcaption><em>Thuỳ Tiên toát lên thần thái nữ hoàng khi diện thiết kế màu trắng với bra tạo hình cầu kỳ kèm mũ trùm vai và chân váy xẻ cao có phần tà dài thướt tha. Người đẹp sinh năm 1998 để tóc rẽ ngôi, kết hợp cùng trang sức đính đá và sandal cao gót màu bạc.</em></p>
</figcaption></figure>
</div>
<p>Bài viết <a rel="nofollow" href="httphttps://github.com/Trangmamy/WPress.github.io.git/toc-tien-goi-cam-voi-set-hang-hieu-thuy-tien-dam-trang-sexy/">Tóc Tiên gợi cảm với set hàng hiệu, Thuỳ Tiên đầm trắng sexy</a> đã xuất hiện đầu tiên vào ngày <a rel="nofollow" href="httphttps://github.com/Trangmamy/WPress.github.io.git">Cửa hàng điện tử </a>.</p>
]]></content:encoded>
					
					<wfw:commentRss>httphttps://github.com/Trangmamy/WPress.github.io.git/toc-tien-goi-cam-voi-set-hang-hieu-thuy-tien-dam-trang-sexy/feed/</wfw:commentRss>
			<slash:comments>1</slash:comments>
		
		
			</item>
	</channel>
</rss>
