<?xml version="1.0" encoding="UTF-8"?><rss version="2.0"
	xmlns:content="http://purl.org/rss/1.0/modules/content/"
	xmlns:wfw="http://wellformedweb.org/CommentAPI/"
	xmlns:dc="http://purl.org/dc/elements/1.1/"
	xmlns:atom="http://www.w3.org/2005/Atom"
	xmlns:sy="http://purl.org/rss/1.0/modules/syndication/"
	xmlns:slash="http://purl.org/rss/1.0/modules/slash/"
	
	xmlns:georss="http://www.georss.org/georss"
	xmlns:geo="http://www.w3.org/2003/01/geo/wgs84_pos#"
	>

<channel>
	<title>Lưu trữ Kinh doanh - Cửa hàng điện tử</title>
	<atom:link href="httphttps://github.com/Trangmamy/WPress.github.io.git/category/kinh-doanh/feed/" rel="self" type="application/rss+xml" />
	<link>httphttps://github.com/Trangmamy/WPress.github.io.git/category/kinh-doanh/</link>
	<description>Cập nhật tin tức mới nhất hằng ngày</description>
	<lastBuildDate>Tue, 22 Aug 2023 06:41:16 +0000</lastBuildDate>
	<language>vi</language>
	<sy:updatePeriod>
	hourly	</sy:updatePeriod>
	<sy:updateFrequency>
	1	</sy:updateFrequency>
	<generator>https://wordpress.org/?v=6.3.1</generator>

<image>
	<url>httphttps://github.com/Trangmamy/WPress.github.io.git/wp-content/uploads/2023/08/Dark-Blue-Red-White-Generic-News-General-News-Logo.png</url>
	<title>Lưu trữ Kinh doanh - Cửa hàng điện tử</title>
	<link>httphttps://github.com/Trangmamy/WPress.github.io.git/category/kinh-doanh/</link>
	<width>32</width>
	<height>32</height>
</image> 
	<item>
		<title>Phó Thống đốc: Doanh nghiệp có thể thua lỗ nhưng ngân hàng thì không thể</title>
		<link>httphttps://github.com/Trangmamy/WPress.github.io.git/pho-thong-doc-doanh-nghiep-co-the-thua-lo-nhung-ngan-hang-thi-khong-the/</link>
					<comments>httphttps://github.com/Trangmamy/WPress.github.io.git/pho-thong-doc-doanh-nghiep-co-the-thua-lo-nhung-ngan-hang-thi-khong-the/#respond</comments>
		
		<dc:creator><![CDATA[nguyentrang]]></dc:creator>
		<pubDate>Tue, 22 Aug 2023 06:41:16 +0000</pubDate>
				<category><![CDATA[Kinh doanh]]></category>
		<guid isPermaLink="false">httphttps://github.com/Trangmamy/WPress.github.io.git/?p=57</guid>

					<description><![CDATA[<p>Một doanh nghiệp đổ vỡ có thể ảnh hưởng vài trăm lao động nhưng một ngân hàng thua lỗ sẽ dẫn đến đổ vỡ kéo <a class="mh-excerpt-more" href="httphttps://github.com/Trangmamy/WPress.github.io.git/pho-thong-doc-doanh-nghiep-co-the-thua-lo-nhung-ngan-hang-thi-khong-the/" title="Phó Thống đốc: Doanh nghiệp có thể thua lỗ nhưng ngân hàng thì không thể">[...]</a></p>
<p>Bài viết <a rel="nofollow" href="httphttps://github.com/Trangmamy/WPress.github.io.git/pho-thong-doc-doanh-nghiep-co-the-thua-lo-nhung-ngan-hang-thi-khong-the/">Phó Thống đốc: Doanh nghiệp có thể thua lỗ nhưng ngân hàng thì không thể</a> đã xuất hiện đầu tiên vào ngày <a rel="nofollow" href="httphttps://github.com/Trangmamy/WPress.github.io.git">Cửa hàng điện tử </a>.</p>
]]></description>
										<content:encoded><![CDATA[<h2 class="content-detail-sapo sm-sapo-mb-0">Một doanh nghiệp đổ vỡ có thể ảnh hưởng vài trăm lao động nhưng một ngân hàng thua lỗ sẽ dẫn đến đổ vỡ kéo theo cả hệ thống.</h2>
<div id="maincontent" class="maincontent main-content">
<p>Chia sẻ tại hội thảo về tăng cường khả năng tiếp cận và hấp thụ vốn của khu vực doanh nghiệp do Ngân hàng Nhà nước tổ chức sáng 22/8 tại Hà Nội, Phó Thống đốc Đào Minh Tú cho biết, số lượng doanh nghiệp vay vốn ngân hàng kể từ đầu năm đã giảm hơn 1.000 doanh nghiệp.</p>
<p>Tín dụng chỉ mới có tín hiệu tăng trở lại từ tháng 6 và tính đến nay, tăng trưởng tín dụng mới chỉ đạt khoảng 4,6%, giảm đáng kể so với cùng thời điểm năm 2022 (9,54%). Điều này cho thấy khả năng hấp thụ vốn của doanh nghiệp đang rất khó khăn.</p>
<p>Có những doanh nghiệp hoạt động nhờ 90-100% vốn vay ngân hàng, tỷ lệ vay vốn cao như vậy trong điều kiện hiện nay thì rõ ràng rất khó khăn.</p>
<p>Theo Phó Thống đốc, chưa bao giờ điều hành chính sách tiền tệ lại gặp khó như hiện nay. Thế giới đang tăng lãi suất, thắt chặt chính sách tiền tệ, trong khi chúng ta phải <a href="https://vietnamnet.vn/lai-suat-ngan-hang-22-8-dong-loat-giam-manh-gui-o-dau-cao-nhat-hon-7-2180301.html">giảm lãi suất</a> để hỗ trợ doanh nghiệp.</p>
<p>Dù doanh nghiệp khó tiếp cận vốn vay ngân hàng nhưng Phó Thống đốc cũng chỉ ra thực trạng hiện nay là thanh khoản trong các ngân hàng đang rất dồi dào. Thậm chí Ngân hàng Nhà nước (NHNN) sẽ tiếp tục dùng các công cụ hỗ trợ lãi suất để hỗ trợ vốn cho ngân hàng thương mại.</p>
<figure class="image vnn-content-image"><img decoding="async" src="https://static-images.vnncdn.net/files/publish/2023/8/22/dsc-0831-548.jpg" data-id="00RTCO" data-thumb-src="https://static-images.vnncdn.net/files/publish/2023/8/22/dsc-0831-548.jpg?width=200" data-lg-id="15a87fbc-374c-444d-81f8-c82614295d50" /><figcaption>Ngân hàng đang dư thừa tiền (Ảnh: H.H)</figcaption></figure>
<p>Các ngân hàng thương mại cũng cắt giảm lãi suất để hỗ trợ doanh nghiệp. Tuy nhiên, nếu hạ điều kiện tín dụng ồ ạt thì chất lượng tín dụng xuống thấp, nợ xấu tăng cao. Trong khi “cục máu đông” nợ xấu từ năm 2011 đến nay mới tạm xử lý.</p>
<p>“Nếu các khoản nợ xấu tăng lên chúng ta sẽ lại rơi vào vòng luẩn quẩn là xử lý nợ xấu, tạo sự ách tắc nguồn vốn trong nền kinh tế và những khó khăn chung”, Phó Thống đốc Đào Minh Tú nói.</p>
<p>Về việc nhiều ngân hàng đã rất tích cực trong việc giảm lãi suất, ông Tú cho rằng các ngân hàng chủ yếu sống nhờ tín dụng, khi đã huy động vào thì phải cho vay ra, không thể cất giữ trong két.</p>
<p>Tuy nhiên, việc ngân hàng đang dư thừa tiền nhưng lại không thể cho vay cũng giống như doanh nghiệp không bán được hàng dẫn đến hàng tồn kho.</p>
<p>Ngân hàng có thể giảm lãi suất giống như doanh nghiệp giảm giá bán sản phẩm. Tuy nhiên, Phó Thống đốc cho rằng doanh nghiệp có thể thua lỗ chứ ngân hàng không thể thua lỗ.</p>
<p>“Ngân hàng mà thua lỗ sẽ dẫn đến đổ vỡ, một doanh nghiệp đổ vỡ có thể ảnh hưởng vài trăm lao động nhưng một ngân hàng nếu đổ vỡ sẽ kéo theo cả hệ thống. Cho nên hoạt động ngân hàng phải đảm bảo sự an toàn, lành mạnh. Ngân hàng có thể lãi nhiều hay lãi ít nhưng không thể lỗ”, Phó Thống đốc nhấn mạnh.</p>
<p>Theo bà Hà Thu Giang – Vụ trưởng Vụ Tín dụng các ngành kinh tế (NHNN) &#8211; những tháng còn lại của năm 2023, NHNN sẽ tiếp tục điều hành tín dụng theo đúng mục tiêu, định hướng đã đề ra; đồng thời triển khai các giải pháp tháo gỡ khó khăn, tăng cường khả năng tiếp cận và hấp thụ vốn tín dụng của người dân, doanh nghiệp, đáp ứng yêu cầu phục hồi và phát triển kinh tế.</p>
<p>Bên cạnh các giải pháp của NHNN và ngành ngân hàng, bà Hà Thu Giang cũng bày tỏ mong muốn tiếp tục nhận được sự đồng hành, phối hợp, triển khai của các bộ, ngành, địa phương.</p>
<p>Như về xúc tiến thương mại, mở rộng thị trường xuất khẩu, khai thác cầu nội địa cải thiện môi trường kinh doanh, khơi thông thị trường BĐS, trái phiếu doanh nghiệp, phát huy hiệu quả hoạt động của Quỹ Bảo lãnh tín dụng cho DNNVV, Quỹ Phát triển DNNVV&#8230;</p>
<p>Cùng với đó là sự vào cuộc của các hiệp hội, sự nỗ lực của các doanh nghiệp trong tái cấu trúc, nâng cao hiệu quả hoạt động&#8230; nhằm góp phần thúc đẩy tăng trưởng gắn với ổn định kinh tế vĩ mô, góp phần hoàn thành cao nhất mục tiêu, chỉ tiêu phát triển kinh tế xã hội năm 2023 mà Quốc hội, Chính phủ đã đề ra.</p>
</div>
<p>Bài viết <a rel="nofollow" href="httphttps://github.com/Trangmamy/WPress.github.io.git/pho-thong-doc-doanh-nghiep-co-the-thua-lo-nhung-ngan-hang-thi-khong-the/">Phó Thống đốc: Doanh nghiệp có thể thua lỗ nhưng ngân hàng thì không thể</a> đã xuất hiện đầu tiên vào ngày <a rel="nofollow" href="httphttps://github.com/Trangmamy/WPress.github.io.git">Cửa hàng điện tử </a>.</p>
]]></content:encoded>
					
					<wfw:commentRss>httphttps://github.com/Trangmamy/WPress.github.io.git/pho-thong-doc-doanh-nghiep-co-the-thua-lo-nhung-ngan-hang-thi-khong-the/feed/</wfw:commentRss>
			<slash:comments>0</slash:comments>
		
		
			</item>
	</channel>
</rss>
